checklist_id,term,baseline_rating,baseline_file,baseline_line,baseline_dp_id,baseline_section,baseline_commit,first_use_file,first_use_line,recommended_file,recommended_section,relocation_priority,conceptual_home,decision,reason_code,reason_why,reason_quality,before_evidence_ref,after_file,after_line,after_dp_id,after_section,after_commit,after_evidence_ref,phase1_status,phase2_status,final_quality,notes
PQ-001,[unifiable type]s,poor,types-and-traits.rst,2058,fls_aie0tr62vhw5,Type Unification,1c2c2b73313fb48987ed02ac044ff68cec69968e,patterns.rst,88,patterns.rst,Patterns,low_forward_ref,true,retain baseline anchor,retain-conceptual-owner,Manual review found baseline types-and-traits.rst:2058 fls_aie0tr62vhw5 is the canonical owner for type unification terminology and already discoverable from first use links so relocation would duplicate definitions without Rust 2021 semantic benefit,pass,/home/pete.levasseur/opencode-project-agents/fls/reports/glossary-tshepang-20260210T174752Z/phase1-main-text-coverage/feedback/fls-pr6-placement-fitness.json:term=[unifiable type]s,types-and-traits.rst,2058,fls_aie0tr62vhw5,Type Unification,c5db56a72b8ff40d476d53d6a473376567267b0f,batch-001-manual-review,completed,pending,resolved-high,batch1 no relocation
PQ-002,alignment,poor,types-and-traits.rst,1688,fls_muxfn9soi47l,Type Layout,1c2c2b73313fb48987ed02ac044ff68cec69968e,types-and-traits.rst,1661,types-and-traits.rst,Type Layout,high,false,retain baseline anchor,no-change-not-mislocated,Manual review found no true mislocation because types-and-traits.rst:1688 fls_muxfn9soi47l sits in the normative Type Layout section and keeps alignment definition discoverable with related size and layout terms while preserving Rust 2021 meaning,pass,/home/pete.levasseur/opencode-project-agents/fls/reports/glossary-tshepang-20260210T174752Z/phase1-main-text-coverage/feedback/fls-pr6-placement-fitness.json:term=alignment,types-and-traits.rst,1688,fls_muxfn9soi47l,Type Layout,c5db56a72b8ff40d476d53d6a473376567267b0f,batch-001-manual-review,completed,pending,resolved-high,batch1 no relocation
PQ-003,arity,poor,types-and-traits.rst,708,fls_ivWBnhfOZUrW,Tuple Types,1c2c2b73313fb48987ed02ac044ff68cec69968e,patterns.rst,1059,patterns.rst,Tuple Struct Patterns,high,false,retain baseline anchor,no-change-not-mislocated,Manual review found no true mislocation because types-and-traits.rst:708 fls_ivWBnhfOZUrW defines arity at tuple type ownership where tuple cardinality is introduced and relocating to patterns would fragment one concept across chapters with no Rust 2021 semantic gain,pass,/home/pete.levasseur/opencode-project-agents/fls/reports/glossary-tshepang-20260210T174752Z/phase1-main-text-coverage/feedback/fls-pr6-placement-fitness.json:term=arity,types-and-traits.rst,708,fls_ivWBnhfOZUrW,Tuple Types,c5db56a72b8ff40d476d53d6a473376567267b0f,batch-001-manual-review,completed,pending,resolved-high,batch1 no relocation
PQ-004,associated trait constant,poor,associated-items.rst,115,fls_x564isbhobym,Associated Items,1c2c2b73313fb48987ed02ac044ff68cec69968e,types-and-traits.rst,3692,implementations.rst,Implementation Conformance,low_forward_ref,true,retain baseline anchor,retain-conceptual-owner,Manual review found associated-items.rst:115 fls_x564isbhobym remains the conceptual owner because associated trait constants are introduced in Associated Items and first use references already resolve discoverability so relocation to conformance text would blur ownership without Rust 2021 change,pass,/home/pete.levasseur/opencode-project-agents/fls/reports/glossary-tshepang-20260210T174752Z/phase1-main-text-coverage/feedback/fls-pr6-placement-fitness.json:term=associated trait constant,associated-items.rst,115,fls_x564isbhobym,Associated Items,c5db56a72b8ff40d476d53d6a473376567267b0f,batch-001-manual-review,completed,pending,resolved-high,batch1 no relocation
PQ-005,attribute content,poor,attributes.rst,59,fls_9TMRVlQwAdTB,Attributes,1c2c2b73313fb48987ed02ac044ff68cec69968e,macros.rst,862,macros.rst,Token Matching,low_forward_ref,true,retain baseline anchor,retain-conceptual-owner,Manual review found attributes.rst:59 fls_9TMRVlQwAdTB is the conceptual owner for attribute content semantics and moving this term to token matching would weaken chapter ownership while providing no discoverability or Rust 2021 semantic improvement,pass,/home/pete.levasseur/opencode-project-agents/fls/reports/glossary-tshepang-20260210T174752Z/phase1-main-text-coverage/feedback/fls-pr6-placement-fitness.json:term=attribute content,attributes.rst,59,fls_9TMRVlQwAdTB,Attributes,c5db56a72b8ff40d476d53d6a473376567267b0f,batch-001-manual-review,completed,pending,resolved-high,batch1 no relocation
PQ-006,borrowed,poor,ownership-and-deconstruction.rst,168,fls_yL6cMahJUIqO,Borrowing,1c2c2b73313fb48987ed02ac044ff68cec69968e,expressions.rst,1008,expressions.rst,Borrow Expression,low_forward_ref,true,retain baseline anchor,retain-conceptual-owner,Manual review found ownership-and-deconstruction.rst:168 fls_yL6cMahJUIqO is the canonical ownership chapter for borrowed state and already supports first use discoverability from expression links so relocation would duplicate terminology without Rust 2021 semantic effect,pass,/home/pete.levasseur/opencode-project-agents/fls/reports/glossary-tshepang-20260210T174752Z/phase1-main-text-coverage/feedback/fls-pr6-placement-fitness.json:term=borrowed,ownership-and-deconstruction.rst,168,fls_yL6cMahJUIqO,Borrowing,c5db56a72b8ff40d476d53d6a473376567267b0f,batch-001-manual-review,completed,pending,resolved-high,batch1 no relocation
PQ-007,c,poor,ffi.rst,65,fls_EcG0AVDg8TUj,ABI,1c2c2b73313fb48987ed02ac044ff68cec69968e,types-and-traits.rst,1225,types-and-traits.rst,Function Pointer Types,high,false,retain baseline anchor,no-change-not-mislocated,Manual review found no true mislocation because ffi.rst:65 fls_EcG0AVDg8TUj defines c in ABI context where calling convention ownership belongs and relocating to function pointer types would split ABI terminology from its normative chapter with no Rust 2021 semantic gain,pass,/home/pete.levasseur/opencode-project-agents/fls/reports/glossary-tshepang-20260210T174752Z/phase1-main-text-coverage/feedback/fls-pr6-placement-fitness.json:term=c,ffi.rst,65,fls_EcG0AVDg8TUj,ABI,c5db56a72b8ff40d476d53d6a473376567267b0f,batch-001-manual-review,completed,pending,resolved-high,batch1 no relocation
PQ-008,code point,poor,lexical-elements.rst,34,fls_4h2v3pk7qz6n,Character Set,1c2c2b73313fb48987ed02ac044ff68cec69968e,expressions.rst,2219,expressions.rst,Type Cast Expressions,high,false,retain baseline anchor,no-change-not-mislocated,Manual review found no true mislocation because lexical-elements.rst:34 fls_4h2v3pk7qz6n is the normative character set owner and relocating code point to cast expressions would reduce lexical discoverability and weaken terminology grouping without Rust 2021 semantic benefit,pass,/home/pete.levasseur/opencode-project-agents/fls/reports/glossary-tshepang-20260210T174752Z/phase1-main-text-coverage/feedback/fls-pr6-placement-fitness.json:term=code point,lexical-elements.rst,34,fls_4h2v3pk7qz6n,Character Set,c5db56a72b8ff40d476d53d6a473376567267b0f,batch-001-manual-review,completed,pending,resolved-high,batch1 no relocation
PQ-009,constant function,poor,functions.rst,173,fls_2049qu3ji5x7,Functions,1c2c2b73313fb48987ed02ac044ff68cec69968e,expressions.rst,200,expressions.rst,Constant Expressions,low_forward_ref,true,retain baseline anchor,retain-conceptual-owner,Manual review found functions.rst:173 fls_2049qu3ji5x7 is still the conceptual owner because constant function is a function kind and first use in constant expressions is already link discoverable so relocation would blur chapter ownership with no Rust 2021 meaning change,pass,/home/pete.levasseur/opencode-project-agents/fls/reports/glossary-tshepang-20260210T174752Z/phase1-main-text-coverage/feedback/fls-pr6-placement-fitness.json:term=constant function,functions.rst,173,fls_2049qu3ji5x7,Functions,c5db56a72b8ff40d476d53d6a473376567267b0f,batch-001-manual-review,completed,pending,resolved-high,batch1 no relocation
PQ-010,construct,poor,entities-and-resolution.rst,26,fls_t1kEzrZaE1Af,Entities,1c2c2b73313fb48987ed02ac044ff68cec69968e,general.rst,158,generics.rst,Where Clauses,low_forward_ref,true,retain baseline anchor,retain-conceptual-owner,Manual review found entities-and-resolution.rst:26 fls_t1kEzrZaE1Af remains the conceptual owner for construct as a cross chapter entity notion and relocation to where clauses would narrow discoverability while adding no Rust 2021 semantic clarity,pass,/home/pete.levasseur/opencode-project-agents/fls/reports/glossary-tshepang-20260210T174752Z/phase1-main-text-coverage/feedback/fls-pr6-placement-fitness.json:term=construct,entities-and-resolution.rst,26,fls_t1kEzrZaE1Af,Entities,c5db56a72b8ff40d476d53d6a473376567267b0f,batch-001-manual-review,completed,pending,resolved-high,batch1 no relocation
PQ-011,container operand,poor,expressions.rst,3718,fls_s2vpn4ihenpe,Field Access Expressions,1c2c2b73313fb48987ed02ac044ff68cec69968e,expressions.rst,454,entities-and-resolution.rst,Field Resolution,low_forward_ref,true,retain baseline anchor,retain-conceptual-owner,Manual review found expressions.rst:3718 fls_s2vpn4ihenpe is the conceptual owner because container operand is specific to field access expression semantics and keeping the term there preserves discoverability and Rust 2021 behavior without duplicating definitions,pass,/home/pete.levasseur/opencode-project-agents/fls/reports/glossary-tshepang-20260210T174752Z/phase1-main-text-coverage/feedback/fls-pr6-placement-fitness.json:term=container operand,expressions.rst,3718,fls_s2vpn4ihenpe,Field Access Expressions,c5db56a72b8ff40d476d53d6a473376567267b0f,batch-001-manual-review,completed,pending,resolved-high,batch1 no relocation
PQ-012,dangling,poor,values.rst,62,fls_649WudgnmRKE,Values,1c2c2b73313fb48987ed02ac044ff68cec69968e,expressions.rst,1183,expressions.rst,Dereference Expression,low_forward_ref,true,retain baseline anchor,retain-conceptual-owner,Manual review found values.rst:62 fls_649WudgnmRKE is the conceptual owner for dangling value state and first use in dereference context is already linked so relocating this definition would weaken value chapter ownership without Rust 2021 semantic change,pass,/home/pete.levasseur/opencode-project-agents/fls/reports/glossary-tshepang-20260210T174752Z/phase1-main-text-coverage/feedback/fls-pr6-placement-fitness.json:term=dangling,values.rst,62,fls_649WudgnmRKE,Values,c5db56a72b8ff40d476d53d6a473376567267b0f,batch-001-manual-review,completed,pending,resolved-high,batch1 no relocation
PQ-013,enum variant value,poor,types-and-traits.rst,774,fls_KTzAGty3T5fF,Enum Types,1c2c2b73313fb48987ed02ac044ff68cec69968e,patterns.rst,821,patterns.rst,Record Struct Patterns,low_forward_ref,true,retain baseline anchor,retain-conceptual-owner,Manual review found types-and-traits.rst:774 fls_KTzAGty3T5fF is the conceptual owner because enum variant value belongs to enum type taxonomy and relocating to pattern matching would reduce owner coherence and provide no Rust 2021 semantic improvement,pass,/home/pete.levasseur/opencode-project-agents/fls/reports/glossary-tshepang-20260210T174752Z/phase1-main-text-coverage/feedback/fls-pr6-placement-fitness.json:term=enum variant value,types-and-traits.rst,774,fls_KTzAGty3T5fF,Enum Types,c5db56a72b8ff40d476d53d6a473376567267b0f,batch-001-manual-review,completed,pending,resolved-high,batch1 no relocation
PQ-014,expression,poor,expressions.rst,78,fls_h5o6tgul4yor,Expressions,1c2c2b73313fb48987ed02ac044ff68cec69968e,macros.rst,648,types-and-traits.rst,Type Inference,low_forward_ref,true,retain baseline anchor,retain-conceptual-owner,Manual review found expressions.rst:78 fls_h5o6tgul4yor is the conceptual owner for expression and keeping the primary definition in its home chapter maximizes discoverability across references while preserving Rust 2021 semantics and avoiding duplicate anchors,pass,/home/pete.levasseur/opencode-project-agents/fls/reports/glossary-tshepang-20260210T174752Z/phase1-main-text-coverage/feedback/fls-pr6-placement-fitness.json:term=expression,expressions.rst,78,fls_h5o6tgul4yor,Expressions,c5db56a72b8ff40d476d53d6a473376567267b0f,batch-001-manual-review,completed,pending,resolved-high,batch1 no relocation
PQ-015,expression-without-block,poor,expressions.rst,86,fls_p15oeage4j0e,Expressions,1c2c2b73313fb48987ed02ac044ff68cec69968e,macros.rst,647,macros.rst,Macro Expansion,low_forward_ref,true,retain baseline anchor,retain-conceptual-owner,Manual review found expressions.rst:86 fls_p15oeage4j0e remains the conceptual owner because expression without block is an expression taxonomy term and relocating toward macro expansion would dilute chapter ownership without improving Rust 2021 semantic clarity,pass,/home/pete.levasseur/opencode-project-agents/fls/reports/glossary-tshepang-20260210T174752Z/phase1-main-text-coverage/feedback/fls-pr6-placement-fitness.json:term=expression-without-block,expressions.rst,86,fls_p15oeage4j0e,Expressions,c5db56a72b8ff40d476d53d6a473376567267b0f,batch-001-manual-review,completed,pending,resolved-high,batch1 no relocation
PQ-016,field,poor,types-and-traits.rst,733,fls_74bRiJktNHvk,Abstract Data Types,1c2c2b73313fb48987ed02ac044ff68cec69968e,expressions.rst,1026,patterns.rst,Record Struct Patterns,high,false,retain baseline anchor,no-change-not-mislocated,Manual review found no true mislocation because types-and-traits.rst:733 fls_74bRiJktNHvk defines field in abstract data type ownership and relocating to pattern syntax would split core terminology from its type model without Rust 2021 semantic advantage,pass,/home/pete.levasseur/opencode-project-agents/fls/reports/glossary-tshepang-20260210T174752Z/phase1-main-text-coverage/feedback/fls-pr6-placement-fitness.json:term=field,types-and-traits.rst,733,fls_74bRiJktNHvk,Abstract Data Types,c5db56a72b8ff40d476d53d6a473376567267b0f,batch-001-manual-review,completed,pending,resolved-high,batch1 no relocation
PQ-017,field index,poor,types-and-traits.rst,977,fls_3QSa0wGQtbHh,Struct Types,1c2c2b73313fb48987ed02ac044ff68cec69968e,expressions.rst,3263,expressions.rst,Struct Expressions,high,false,retain baseline anchor,no-change-not-mislocated,Manual review found no true mislocation because types-and-traits.rst:977 fls_3QSa0wGQtbHh defines field index in struct type ownership and moving it to struct expressions would separate type terminology from its canonical section with no Rust 2021 semantic gain,pass,/home/pete.levasseur/opencode-project-agents/fls/reports/glossary-tshepang-20260210T174752Z/phase1-main-text-coverage/feedback/fls-pr6-placement-fitness.json:term=field index,types-and-traits.rst,977,fls_3QSa0wGQtbHh,Struct Types,c5db56a72b8ff40d476d53d6a473376567267b0f,batch-001-manual-review,completed,pending,resolved-high,batch1 no relocation
PQ-018,function,poor,functions.rst,52,fls_gn1ngtx2tp2s,Functions,1c2c2b73313fb48987ed02ac044ff68cec69968e,macros.rst,312,macros.rst,Procedural Macros,low_forward_ref,true,retain baseline anchor,retain-conceptual-owner,Manual review found functions.rst:52 fls_gn1ngtx2tp2s is the conceptual owner for function and remains best for discoverability because other chapters reference this anchor so relocation toward procedural macros would create duplicate ownership without Rust 2021 semantic change,pass,/home/pete.levasseur/opencode-project-agents/fls/reports/glossary-tshepang-20260210T174752Z/phase1-main-text-coverage/feedback/fls-pr6-placement-fitness.json:term=function,functions.rst,52,fls_gn1ngtx2tp2s,Functions,c5db56a72b8ff40d476d53d6a473376567267b0f,batch-001-manual-review,completed,pending,resolved-high,batch1 no relocation
PQ-019,function body,poor,functions.rst,153,fls_927nfm5mkbsp,Functions,1c2c2b73313fb48987ed02ac044ff68cec69968e,types-and-traits.rst,2585,types-and-traits.rst,Type Inference,low_forward_ref,true,retain baseline anchor,retain-conceptual-owner,Manual review found functions.rst:153 fls_927nfm5mkbsp is the conceptual owner since function body is intrinsic to function structure and relocating to inference text would reduce ownership clarity and add no Rust 2021 semantic benefit,pass,/home/pete.levasseur/opencode-project-agents/fls/reports/glossary-tshepang-20260210T174752Z/phase1-main-text-coverage/feedback/fls-pr6-placement-fitness.json:term=function body,functions.rst,153,fls_927nfm5mkbsp,Functions,c5db56a72b8ff40d476d53d6a473376567267b0f,batch-001-manual-review,completed,pending,resolved-high,batch1 no relocation
PQ-020,function signature,poor,functions.rst,167,fls_owdlsaaygtho,Functions,1c2c2b73313fb48987ed02ac044ff68cec69968e,types-and-traits.rst,2335,types-and-traits.rst,Type Coercion,low_forward_ref,true,retain baseline anchor,retain-conceptual-owner,Manual review found functions.rst:167 fls_owdlsaaygtho is the conceptual owner because function signature belongs to function declarations and first use in coercion already resolves via term links so relocation would not improve discoverability or Rust 2021 semantics,pass,/home/pete.levasseur/opencode-project-agents/fls/reports/glossary-tshepang-20260210T174752Z/phase1-main-text-coverage/feedback/fls-pr6-placement-fitness.json:term=function signature,functions.rst,167,fls_owdlsaaygtho,Functions,c5db56a72b8ff40d476d53d6a473376567267b0f,batch-001-manual-review,completed,pending,resolved-high,batch1 no relocation
PQ-021,generic substitution,poor,generics.rst,360,fls_8j3ARLPm65vI,Generic Arguments,1c2c2b73313fb48987ed02ac044ff68cec69968e,types-and-traits.rst,1545,types-and-traits.rst,Type Parameters,low_forward_ref,true,,,,,/home/pete.levasseur/opencode-project-agents/fls/reports/glossary-tshepang-20260210T174752Z/phase1-main-text-coverage/feedback/fls-pr6-placement-fitness.json:term=generic substitution,,,,,,,pending,pending,pending,
PQ-022,generic type,poor,generics.rst,69,fls_0GhOR32Z4j7M,Generic Parameters,1c2c2b73313fb48987ed02ac044ff68cec69968e,types-and-traits.rst,3349,types-and-traits.rst,Subtyping and Variance,low_forward_ref,true,,,,,/home/pete.levasseur/opencode-project-agents/fls/reports/glossary-tshepang-20260210T174752Z/phase1-main-text-coverage/feedback/fls-pr6-placement-fitness.json:term=generic type,,,,,,,pending,pending,pending,
PQ-023,immutable,poor,values.rst,21,fls_CEBZEvtmIRGv,Values,1c2c2b73313fb48987ed02ac044ff68cec69968e,expressions.rst,4815,expressions.rst,Match Expressions,low_forward_ref,true,,,,,/home/pete.levasseur/opencode-project-agents/fls/reports/glossary-tshepang-20260210T174752Z/phase1-main-text-coverage/feedback/fls-pr6-placement-fitness.json:term=immutable,,,,,,,pending,pending,pending,
PQ-024,implementation,poor,implementations.rst,40,fls_ivxpoxggy7s6,Implementations,1c2c2b73313fb48987ed02ac044ff68cec69968e,expressions.rst,3087,generics.rst,Generic Parameters,low_forward_ref,true,,,,,/home/pete.levasseur/opencode-project-agents/fls/reports/glossary-tshepang-20260210T174752Z/phase1-main-text-coverage/feedback/fls-pr6-placement-fitness.json:term=implementation,,,,,,,pending,pending,pending,
PQ-025,implemented trait,poor,implementations.rst,73,fls_47x0ep8of8wr,Implementations,1c2c2b73313fb48987ed02ac044ff68cec69968e,types-and-traits.rst,3618,implementations.rst,Implementation Conformance,low_forward_ref,true,,,,,/home/pete.levasseur/opencode-project-agents/fls/reports/glossary-tshepang-20260210T174752Z/phase1-main-text-coverage/feedback/fls-pr6-placement-fitness.json:term=implemented trait,,,,,,,pending,pending,pending,
PQ-026,implementing type,poor,implementations.rst,44,fls_yopmjbnw8tbl,Implementations,1c2c2b73313fb48987ed02ac044ff68cec69968e,types-and-traits.rst,3617,types-and-traits.rst,Function Lifetime Elision,low_forward_ref,true,,,,,/home/pete.levasseur/opencode-project-agents/fls/reports/glossary-tshepang-20260210T174752Z/phase1-main-text-coverage/feedback/fls-pr6-placement-fitness.json:term=implementing type,,,,,,,pending,pending,pending,
PQ-027,initialization,poor,values.rst,27,fls_8rAyM4S3x1ap,Values,1c2c2b73313fb48987ed02ac044ff68cec69968e,ownership-and-deconstruction.rst,36,ownership-and-deconstruction.rst,Initialization,high,false,,,,,/home/pete.levasseur/opencode-project-agents/fls/reports/glossary-tshepang-20260210T174752Z/phase1-main-text-coverage/feedback/fls-pr6-placement-fitness.json:term=initialization,,,,,,,pending,pending,pending,
PQ-028,item,poor,entities-and-resolution.rst,34,fls_ogrs6SwlsaKg,Entities,1c2c2b73313fb48987ed02ac044ff68cec69968e,macros.rst,497,macros.rst,Macro Expansion,low_forward_ref,true,,,,,/home/pete.levasseur/opencode-project-agents/fls/reports/glossary-tshepang-20260210T174752Z/phase1-main-text-coverage/feedback/fls-pr6-placement-fitness.json:term=item,,,,,,,pending,pending,pending,
PQ-029,lifetime parameter,poor,generics.rst,98,fls_s0nrjwqg2wox,Generic Parameters,1c2c2b73313fb48987ed02ac044ff68cec69968e,types-and-traits.rst,3260,types-and-traits.rst,Trait and Lifetime Bounds,high,false,,,,,/home/pete.levasseur/opencode-project-agents/fls/reports/glossary-tshepang-20260210T174752Z/phase1-main-text-coverage/feedback/fls-pr6-placement-fitness.json:term=lifetime parameter,,,,,,,pending,pending,pending,
PQ-030,method,poor,associated-items.rst,170,fls_oy92gzxgc273,Associated Items,1c2c2b73313fb48987ed02ac044ff68cec69968e,expressions.rst,3607,expressions.rst,Method Call Expressions,low_forward_ref,true,,,,,/home/pete.levasseur/opencode-project-agents/fls/reports/glossary-tshepang-20260210T174752Z/phase1-main-text-coverage/feedback/fls-pr6-placement-fitness.json:term=method,,,,,,,pending,pending,pending,
PQ-031,mutability,poor,values.rst,18,fls_RJDPClYE8a9x,Values,1c2c2b73313fb48987ed02ac044ff68cec69968e,types-and-traits.rst,2197,types-and-traits.rst,Type Unification,low_forward_ref,true,,,,,/home/pete.levasseur/opencode-project-agents/fls/reports/glossary-tshepang-20260210T174752Z/phase1-main-text-coverage/feedback/fls-pr6-placement-fitness.json:term=mutability,,,,,,,pending,pending,pending,
PQ-032,mutable,poor,values.rst,24,fls_U9CPQq4fs7IK,Values,1c2c2b73313fb48987ed02ac044ff68cec69968e,expressions.rst,3103,expressions.rst,Indexing Expressions,low_forward_ref,true,,,,,/home/pete.levasseur/opencode-project-agents/fls/reports/glossary-tshepang-20260210T174752Z/phase1-main-text-coverage/feedback/fls-pr6-placement-fitness.json:term=mutable,,,,,,,pending,pending,pending,
PQ-033,mutable reference,poor,ownership-and-deconstruction.rst,128,fls_fckoj1jh5mrc,References,1c2c2b73313fb48987ed02ac044ff68cec69968e,expressions.rst,5264,expressions.rst,Capturing,low_forward_ref,true,,,,,/home/pete.levasseur/opencode-project-agents/fls/reports/glossary-tshepang-20260210T174752Z/phase1-main-text-coverage/feedback/fls-pr6-placement-fitness.json:term=mutable reference,,,,,,,pending,pending,pending,
PQ-034,mutable static,poor,values.rst,187,fls_doi4z6u55bi7,Statics,1c2c2b73313fb48987ed02ac044ff68cec69968e,expressions.rst,466,expressions.rst,Place Expressions,low_forward_ref,true,,,,,/home/pete.levasseur/opencode-project-agents/fls/reports/glossary-tshepang-20260210T174752Z/phase1-main-text-coverage/feedback/fls-pr6-placement-fitness.json:term=mutable static,,,,,,,pending,pending,pending,
PQ-035,mutable variable,poor,values.rst,273,fls_kBX7Qa4S2VnM,Variables,1c2c2b73313fb48987ed02ac044ff68cec69968e,expressions.rst,469,expressions.rst,Place Expressions,low_forward_ref,true,,,,,/home/pete.levasseur/opencode-project-agents/fls/reports/glossary-tshepang-20260210T174752Z/phase1-main-text-coverage/feedback/fls-pr6-placement-fitness.json:term=mutable variable,,,,,,,pending,pending,pending,
PQ-036,name,poor,entities-and-resolution.rst,38,fls_40d2g0hvq2il,Entities,1c2c2b73313fb48987ed02ac044ff68cec69968e,lexical-elements.rst,488,entities-and-resolution.rst,Visibility,low_forward_ref,true,,,,,/home/pete.levasseur/opencode-project-agents/fls/reports/glossary-tshepang-20260210T174752Z/phase1-main-text-coverage/feedback/fls-pr6-placement-fitness.json:term=name,,,,,,,pending,pending,pending,
PQ-037,operand,poor,expressions.rst,90,fls_gwgttltgjma4,Expressions,1c2c2b73313fb48987ed02ac044ff68cec69968e,statements.rst,189,expressions.rst,Type Cast Expressions,low_forward_ref,true,,,,,/home/pete.levasseur/opencode-project-agents/fls/reports/glossary-tshepang-20260210T174752Z/phase1-main-text-coverage/feedback/fls-pr6-placement-fitness.json:term=operand,,,,,,,pending,pending,pending,
PQ-038,pattern-without-alternation,poor,patterns.rst,48,fls_mp6i4blzexnu,Patterns,1c2c2b73313fb48987ed02ac044ff68cec69968e,macros.rst,869,ownership-and-deconstruction.rst,Drop Order,low_forward_ref,true,,,,,/home/pete.levasseur/opencode-project-agents/fls/reports/glossary-tshepang-20260210T174752Z/phase1-main-text-coverage/feedback/fls-pr6-placement-fitness.json:term=pattern-without-alternation,,,,,,,pending,pending,pending,
PQ-039,pattern-without-range,poor,patterns.rst,51,fls_JJ1fJa1SsaWh,Patterns,1c2c2b73313fb48987ed02ac044ff68cec69968e,macros.rst,652,macros.rst,Macro Expansion,low_forward_ref,true,,,,,/home/pete.levasseur/opencode-project-agents/fls/reports/glossary-tshepang-20260210T174752Z/phase1-main-text-coverage/feedback/fls-pr6-placement-fitness.json:term=pattern-without-range,,,,,,,pending,pending,pending,
PQ-040,pointer,poor,types-and-traits.rst,1175,fls_TGJQnwS4v9nZ,Indirection Types,1c2c2b73313fb48987ed02ac044ff68cec69968e,expressions.rst,2243,expressions.rst,Type Cast Expressions,high,false,,,,,/home/pete.levasseur/opencode-project-agents/fls/reports/glossary-tshepang-20260210T174752Z/phase1-main-text-coverage/feedback/fls-pr6-placement-fitness.json:term=pointer,,,,,,,pending,pending,pending,
PQ-041,qualified path expression,poor,entities-and-resolution.rst,394,fls_7sm3206va03c,Paths,1c2c2b73313fb48987ed02ac044ff68cec69968e,patterns.rst,398,patterns.rst,Path Patterns,low_forward_ref,true,,,,,/home/pete.levasseur/opencode-project-agents/fls/reports/glossary-tshepang-20260210T174752Z/phase1-main-text-coverage/feedback/fls-pr6-placement-fitness.json:term=qualified path expression,,,,,,,pending,pending,pending,
PQ-042,record enum variant,poor,types-and-traits.rst,789,fls_9vlr65nzdwf2,Enum Types,1c2c2b73313fb48987ed02ac044ff68cec69968e,expressions.rst,3323,expressions.rst,Struct Expressions,low_forward_ref,true,,,,,/home/pete.levasseur/opencode-project-agents/fls/reports/glossary-tshepang-20260210T174752Z/phase1-main-text-coverage/feedback/fls-pr6-placement-fitness.json:term=record enum variant,,,,,,,pending,pending,pending,
PQ-043,renaming,poor,program-structure-and-compilation.rst,181,fls_2v7k7p4v0xra,Crate Imports,1c2c2b73313fb48987ed02ac044ff68cec69968e,entities-and-resolution.rst,968,entities-and-resolution.rst,Use Imports,high,false,,,,,/home/pete.levasseur/opencode-project-agents/fls/reports/glossary-tshepang-20260210T174752Z/phase1-main-text-coverage/feedback/fls-pr6-placement-fitness.json:term=renaming,,,,,,,pending,pending,pending,
PQ-044,representation modifier,poor,attributes.rst,1567,fls_8l5b6qxw0c9d,Attribute ``repr``,1c2c2b73313fb48987ed02ac044ff68cec69968e,types-and-traits.rst,1854,types-and-traits.rst,Type Representation,low_forward_ref,true,,,,,/home/pete.levasseur/opencode-project-agents/fls/reports/glossary-tshepang-20260210T174752Z/phase1-main-text-coverage/feedback/fls-pr6-placement-fitness.json:term=representation modifier,,,,,,,pending,pending,pending,
PQ-045,return type,poor,functions.rst,141,fls_vljy4mm0zca2,Functions,1c2c2b73313fb48987ed02ac044ff68cec69968e,macros.rst,359,expressions.rst,Closure Expressions,low_forward_ref,true,,,,,/home/pete.levasseur/opencode-project-agents/fls/reports/glossary-tshepang-20260210T174752Z/phase1-main-text-coverage/feedback/fls-pr6-placement-fitness.json:term=return type,,,,,,,pending,pending,pending,
PQ-046,safety invariant,poor,unsafety.rst,21,fls_9k2m4p7q1v6n,Unsafety,1c2c2b73313fb48987ed02ac044ff68cec69968e,types-and-traits.rst,665,attributes.rst,Attribute ``naked``,low_forward_ref,true,,,,,/home/pete.levasseur/opencode-project-agents/fls/reports/glossary-tshepang-20260210T174752Z/phase1-main-text-coverage/feedback/fls-pr6-placement-fitness.json:term=safety invariant,,,,,,,pending,pending,pending,
PQ-047,self parameter,poor,functions.rst,71,fls_ymeo93t4mz4,Functions,1c2c2b73313fb48987ed02ac044ff68cec69968e,types-and-traits.rst,3178,types-and-traits.rst,Object Safety,low_forward_ref,true,,,,,/home/pete.levasseur/opencode-project-agents/fls/reports/glossary-tshepang-20260210T174752Z/phase1-main-text-coverage/feedback/fls-pr6-placement-fitness.json:term=self parameter,,,,,,,pending,pending,pending,
PQ-048,shared reference,poor,ownership-and-deconstruction.rst,125,fls_4m2v8k1q9p0s,References,1c2c2b73313fb48987ed02ac044ff68cec69968e,types-and-traits.rst,1322,types-and-traits.rst,Reference Types,low_forward_ref,true,,,,,/home/pete.levasseur/opencode-project-agents/fls/reports/glossary-tshepang-20260210T174752Z/phase1-main-text-coverage/feedback/fls-pr6-placement-fitness.json:term=shared reference,,,,,,,pending,pending,pending,
PQ-049,size,poor,types-and-traits.rst,1694,fls_1pbwigq6f3ha,Type Layout,1c2c2b73313fb48987ed02ac044ff68cec69968e,expressions.rst,2293,expressions.rst,Type Cast Expressions,high,false,,,,,/home/pete.levasseur/opencode-project-agents/fls/reports/glossary-tshepang-20260210T174752Z/phase1-main-text-coverage/feedback/fls-pr6-placement-fitness.json:term=size,,,,,,,pending,pending,pending,
PQ-050,size operand,poor,types-and-traits.rst,581,fls_4sd5dgy2unq7,Array Types,1c2c2b73313fb48987ed02ac044ff68cec69968e,expressions.rst,299,expressions.rst,Array Expressions,high,false,,,,,/home/pete.levasseur/opencode-project-agents/fls/reports/glossary-tshepang-20260210T174752Z/phase1-main-text-coverage/feedback/fls-pr6-placement-fitness.json:term=size operand,,,,,,,pending,pending,pending,
PQ-051,statement,poor,statements.rst,25,fls_5t8n2p7c0m1d,Statements,1c2c2b73313fb48987ed02ac044ff68cec69968e,macros.rst,552,macros.rst,Macro Invocation,low_forward_ref,true,,,,,/home/pete.levasseur/opencode-project-agents/fls/reports/glossary-tshepang-20260210T174752Z/phase1-main-text-coverage/feedback/fls-pr6-placement-fitness.json:term=statement,,,,,,,pending,pending,pending,
PQ-052,temporary,poor,values.rst,251,fls_awpw61yofckz,Temporaries,1c2c2b73313fb48987ed02ac044ff68cec69968e,expressions.rst,434,expressions.rst,Await Expressions,low_forward_ref,true,,,,,/home/pete.levasseur/opencode-project-agents/fls/reports/glossary-tshepang-20260210T174752Z/phase1-main-text-coverage/feedback/fls-pr6-placement-fitness.json:term=temporary,,,,,,,pending,pending,pending,
PQ-053,trait,poor,types-and-traits.rst,3027,fls_tani6lesan9u,Traits,1c2c2b73313fb48987ed02ac044ff68cec69968e,expressions.rst,222,entities-and-resolution.rst,Path Expression Resolution,low_forward_ref,true,,,,,/home/pete.levasseur/opencode-project-agents/fls/reports/glossary-tshepang-20260210T174752Z/phase1-main-text-coverage/feedback/fls-pr6-placement-fitness.json:term=trait,,,,,,,pending,pending,pending,
PQ-054,tuple enum variant value,poor,types-and-traits.rst,797,fls_h2m9k6p4r7vd,Enum Types,1c2c2b73313fb48987ed02ac044ff68cec69968e,expressions.rst,3459,expressions.rst,Call Expressions,low_forward_ref,true,,,,,/home/pete.levasseur/opencode-project-agents/fls/reports/glossary-tshepang-20260210T174752Z/phase1-main-text-coverage/feedback/fls-pr6-placement-fitness.json:term=tuple enum variant value,,,,,,,pending,pending,pending,
PQ-055,tuple struct value,poor,types-and-traits.rst,952,fls_j9r1c6m3v7kw,Struct Types,1c2c2b73313fb48987ed02ac044ff68cec69968e,expressions.rst,3459,expressions.rst,Call Expressions,low_forward_ref,true,,,,,/home/pete.levasseur/opencode-project-agents/fls/reports/glossary-tshepang-20260210T174752Z/phase1-main-text-coverage/feedback/fls-pr6-placement-fitness.json:term=tuple struct value,,,,,,,pending,pending,pending,
PQ-056,type bound predicate,poor,generics.rst,294,fls_cslGPmVjujHD,Where Clauses,1c2c2b73313fb48987ed02ac044ff68cec69968e,types-and-traits.rst,3163,types-and-traits.rst,Object Safety,low_forward_ref,true,,,,,/home/pete.levasseur/opencode-project-agents/fls/reports/glossary-tshepang-20260210T174752Z/phase1-main-text-coverage/feedback/fls-pr6-placement-fitness.json:term=type bound predicate,,,,,,,pending,pending,pending,
PQ-057,type parameter,poor,generics.rst,105,fls_95eooah0vcqx,Generic Parameters,1c2c2b73313fb48987ed02ac044ff68cec69968e,expressions.rst,1446,expressions.rst,Arithmetic Expressions,high,false,,,,,/home/pete.levasseur/opencode-project-agents/fls/reports/glossary-tshepang-20260210T174752Z/phase1-main-text-coverage/feedback/fls-pr6-placement-fitness.json:term=type parameter,,,,,,,pending,pending,pending,
PQ-058,type specification,poor,types-and-traits.rst,54,fls_r3g5n7t2k9vq,Types,1c2c2b73313fb48987ed02ac044ff68cec69968e,macros.rst,355,entities-and-resolution.rst,Scope Hierarchy,low_forward_ref,true,,,,,/home/pete.levasseur/opencode-project-agents/fls/reports/glossary-tshepang-20260210T174752Z/phase1-main-text-coverage/feedback/fls-pr6-placement-fitness.json:term=type specification,,,,,,,pending,pending,pending,
PQ-059,unifiable,poor,types-and-traits.rst,2052,fls_m4p8k1v7t2qa,Type Unification,1c2c2b73313fb48987ed02ac044ff68cec69968e,expressions.rst,2977,expressions.rst,Struct Expressions,low_forward_ref,true,,,,,/home/pete.levasseur/opencode-project-agents/fls/reports/glossary-tshepang-20260210T174752Z/phase1-main-text-coverage/feedback/fls-pr6-placement-fitness.json:term=unifiable,,,,,,,pending,pending,pending,
PQ-060,unified type,poor,types-and-traits.rst,2055,fls_v7k2m9p1t4qa,Type Unification,1c2c2b73313fb48987ed02ac044ff68cec69968e,expressions.rst,710,expressions.rst,Block Expressions,low_forward_ref,true,,,,,/home/pete.levasseur/opencode-project-agents/fls/reports/glossary-tshepang-20260210T174752Z/phase1-main-text-coverage/feedback/fls-pr6-placement-fitness.json:term=unified type,,,,,,,pending,pending,pending,
PQ-061,unit enum variant,poor,types-and-traits.rst,786,fls_r2m9k6t1v4pa,Enum Types,1c2c2b73313fb48987ed02ac044ff68cec69968e,expressions.rst,652,patterns.rst,Identifier Patterns,low_forward_ref,true,,,,,/home/pete.levasseur/opencode-project-agents/fls/reports/glossary-tshepang-20260210T174752Z/phase1-main-text-coverage/feedback/fls-pr6-placement-fitness.json:term=unit enum variant,,,,,,,pending,pending,pending,
PQ-062,unit struct constant,poor,types-and-traits.rst,961,fls_6c1v8m4p2tqa,Struct Types,1c2c2b73313fb48987ed02ac044ff68cec69968e,patterns.rst,175,patterns.rst,Identifier Patterns,low_forward_ref,true,,,,,/home/pete.levasseur/opencode-project-agents/fls/reports/glossary-tshepang-20260210T174752Z/phase1-main-text-coverage/feedback/fls-pr6-placement-fitness.json:term=unit struct constant,,,,,,,pending,pending,pending,
PQ-063,unit type,poor,types-and-traits.rst,699,fls_s1m7q5t2v8wn,Tuple Types,1c2c2b73313fb48987ed02ac044ff68cec69968e,statements.rst,181,types-and-traits.rst,Type Inference,low_forward_ref,true,,,,,/home/pete.levasseur/opencode-project-agents/fls/reports/glossary-tshepang-20260210T174752Z/phase1-main-text-coverage/feedback/fls-pr6-placement-fitness.json:term=unit type,,,,,,,pending,pending,pending,
PQ-064,unit value,poor,types-and-traits.rst,705,fls_y6c2p9k4m1ra,Tuple Types,1c2c2b73313fb48987ed02ac044ff68cec69968e,expressions.rst,740,expressions.rst,Block Expressions,high,false,,,,,/home/pete.levasseur/opencode-project-agents/fls/reports/glossary-tshepang-20260210T174752Z/phase1-main-text-coverage/feedback/fls-pr6-placement-fitness.json:term=unit value,,,,,,,pending,pending,pending,
PQ-065,unsafe context,poor,unsafety.rst,57,fls_jb6krd90tjmc,Unsafety,1c2c2b73313fb48987ed02ac044ff68cec69968e,expressions.rst,657,expressions.rst,Field Access Expressions,low_forward_ref,true,,,,,/home/pete.levasseur/opencode-project-agents/fls/reports/glossary-tshepang-20260210T174752Z/phase1-main-text-coverage/feedback/fls-pr6-placement-fitness.json:term=unsafe context,,,,,,,pending,pending,pending,
PQ-066,unsafe function,poor,functions.rst,204,fls_7ucwmzqtittv,Functions,1c2c2b73313fb48987ed02ac044ff68cec69968e,types-and-traits.rst,1150,unsafety.rst,Unsafety,low_forward_ref,true,,,,,/home/pete.levasseur/opencode-project-agents/fls/reports/glossary-tshepang-20260210T174752Z/phase1-main-text-coverage/feedback/fls-pr6-placement-fitness.json:term=unsafe function,,,,,,,pending,pending,pending,
PQ-067,unsafe function pointer type,poor,types-and-traits.rst,1221,fls_5dd7icjcl3nt,Function Pointer Types,1c2c2b73313fb48987ed02ac044ff68cec69968e,expressions.rst,3494,expressions.rst,Call Expressions,low_forward_ref,true,,,,,/home/pete.levasseur/opencode-project-agents/fls/reports/glossary-tshepang-20260210T174752Z/phase1-main-text-coverage/feedback/fls-pr6-placement-fitness.json:term=unsafe function pointer type,,,,,,,pending,pending,pending,
PQ-068,unsafe operation,poor,unsafety.rst,29,fls_ovn9czwnwxue,Unsafety,1c2c2b73313fb48987ed02ac044ff68cec69968e,attributes.rst,1595,attributes.rst,Attribute ``unsafe``,low_forward_ref,true,,,,,/home/pete.levasseur/opencode-project-agents/fls/reports/glossary-tshepang-20260210T174752Z/phase1-main-text-coverage/feedback/fls-pr6-placement-fitness.json:term=unsafe operation,,,,,,,pending,pending,pending,
PQ-069,validity invariant,poor,unsafety.rst,25,fls_M4Q4vAJmapq8,Unsafety,1c2c2b73313fb48987ed02ac044ff68cec69968e,types-and-traits.rst,356,types-and-traits.rst,Bool Type,low_forward_ref,true,,,,,/home/pete.levasseur/opencode-project-agents/fls/reports/glossary-tshepang-20260210T174752Z/phase1-main-text-coverage/feedback/fls-pr6-placement-fitness.json:term=validity invariant,,,,,,,pending,pending,pending,
PQ-070,value,poor,values.rst,14,fls_buyaqara7am4,Values,1c2c2b73313fb48987ed02ac044ff68cec69968e,lexical-elements.rst,34,expressions.rst,Type Cast Expressions,low_forward_ref,true,,,,,/home/pete.levasseur/opencode-project-agents/fls/reports/glossary-tshepang-20260210T174752Z/phase1-main-text-coverage/feedback/fls-pr6-placement-fitness.json:term=value,,,,,,,pending,pending,pending,
PQ-071,variable,poor,values.rst,262,fls_hl5tnd9yy252,Variables,1c2c2b73313fb48987ed02ac044ff68cec69968e,macros.rst,147,ownership-and-deconstruction.rst,Initialization,low_forward_ref,true,,,,,/home/pete.levasseur/opencode-project-agents/fls/reports/glossary-tshepang-20260210T174752Z/phase1-main-text-coverage/feedback/fls-pr6-placement-fitness.json:term=variable,,,,,,,pending,pending,pending,
PQ-072,visible empty enum variant,poor,types-and-traits.rst,2521,fls_A2W4v53ihTGx,Visible Emptiness,1c2c2b73313fb48987ed02ac044ff68cec69968e,patterns.rst,408,patterns.rst,Path Patterns,low_forward_ref,true,,,,,/home/pete.levasseur/opencode-project-agents/fls/reports/glossary-tshepang-20260210T174752Z/phase1-main-text-coverage/feedback/fls-pr6-placement-fitness.json:term=visible empty enum variant,,,,,,,pending,pending,pending,
PQ-073,where clause,poor,generics.rst,281,fls_3nqb7p5ifvio,Where Clauses,1c2c2b73313fb48987ed02ac044ff68cec69968e,types-and-traits.rst,1639,entities-and-resolution.rst,Generic Parameter Scope,low_forward_ref,true,,,,,/home/pete.levasseur/opencode-project-agents/fls/reports/glossary-tshepang-20260210T174752Z/phase1-main-text-coverage/feedback/fls-pr6-placement-fitness.json:term=where clause,,,,,,,pending,pending,pending,
PQ-074,anonymous return type,questionable,types-and-traits.rst,1397,fls_3aKZB0ILIkZw,Impl Trait Types,1c2c2b73313fb48987ed02ac044ff68cec69968e,expressions.rst,3838,expressions.rst,Closure Expressions,low_forward_ref,true,,,,,/home/pete.levasseur/opencode-project-agents/fls/reports/glossary-tshepang-20260210T174752Z/phase1-main-text-coverage/feedback/fls-pr6-placement-fitness.json:term=anonymous return type,,,,,,,pending,pending,pending,
PQ-075,array,questionable,types-and-traits.rst,574,fls_xmmgSHsTHDtc,Array Types,1c2c2b73313fb48987ed02ac044ff68cec69968e,expressions.rst,2954,expressions.rst,Array Expressions,low_forward_ref,true,,,,,/home/pete.levasseur/opencode-project-agents/fls/reports/glossary-tshepang-20260210T174752Z/phase1-main-text-coverage/feedback/fls-pr6-placement-fitness.json:term=array,,,,,,,pending,pending,pending,
PQ-076,assigned operand,questionable,expressions.rst,2661,fls_dvy201zd6oym,Compound Assignment Expressions,1c2c2b73313fb48987ed02ac044ff68cec69968e,expressions.rst,2615,expressions.rst,Compound Assignment Expressions,low_forward_ref,true,,,,,/home/pete.levasseur/opencode-project-agents/fls/reports/glossary-tshepang-20260210T174752Z/phase1-main-text-coverage/feedback/fls-pr6-placement-fitness.json:term=assigned operand,,,,,,,pending,pending,pending,
PQ-077,assignee operand,questionable,expressions.rst,2401,fls_bsjw6f4a3wol,Assignment Expressions,1c2c2b73313fb48987ed02ac044ff68cec69968e,expressions.rst,488,expressions.rst,Destructuring Assignment,low_forward_ref,true,,,,,/home/pete.levasseur/opencode-project-agents/fls/reports/glossary-tshepang-20260210T174752Z/phase1-main-text-coverage/feedback/fls-pr6-placement-fitness.json:term=assignee operand,,,,,,,pending,pending,pending,
PQ-078,associated constant,questionable,associated-items.rst,32,fls_5y6ae0xqux57,Associated Items,1c2c2b73313fb48987ed02ac044ff68cec69968e,expressions.rst,309,patterns.rst,Path Patterns,low_forward_ref,true,,,,,/home/pete.levasseur/opencode-project-agents/fls/reports/glossary-tshepang-20260210T174752Z/phase1-main-text-coverage/feedback/fls-pr6-placement-fitness.json:term=associated constant,,,,,,,pending,pending,pending,
PQ-079,associated function,questionable,associated-items.rst,36,fls_lj7492aq7fzo,Associated Items,1c2c2b73313fb48987ed02ac044ff68cec69968e,types-and-traits.rst,3166,types-and-traits.rst,Object Safety,low_forward_ref,true,,,,,/home/pete.levasseur/opencode-project-agents/fls/reports/glossary-tshepang-20260210T174752Z/phase1-main-text-coverage/feedback/fls-pr6-placement-fitness.json:term=associated function,,,,,,,pending,pending,pending,
PQ-080,associated implementation constant,questionable,associated-items.rst,85,fls_l3iwn56n1uz8,Associated Items,1c2c2b73313fb48987ed02ac044ff68cec69968e,types-and-traits.rst,3688,types-and-traits.rst,Static Lifetime Elision,low_forward_ref,true,,,,,/home/pete.levasseur/opencode-project-agents/fls/reports/glossary-tshepang-20260210T174752Z/phase1-main-text-coverage/feedback/fls-pr6-placement-fitness.json:term=associated implementation constant,,,,,,,pending,pending,pending,
PQ-081,associated item,questionable,associated-items.rst,28,fls_ckzd25qd213t,Associated Items,1c2c2b73313fb48987ed02ac044ff68cec69968e,macros.rst,640,macros.rst,Macro Expansion,low_forward_ref,true,,,,,/home/pete.levasseur/opencode-project-agents/fls/reports/glossary-tshepang-20260210T174752Z/phase1-main-text-coverage/feedback/fls-pr6-placement-fitness.json:term=associated item,,,,,,,pending,pending,pending,
PQ-082,associated trait function,questionable,associated-items.rst,119,fls_b6nns7oqvdpm,Associated Items,1c2c2b73313fb48987ed02ac044ff68cec69968e,expressions.rst,294,implementations.rst,Implementation Conformance,low_forward_ref,true,,,,,/home/pete.levasseur/opencode-project-agents/fls/reports/glossary-tshepang-20260210T174752Z/phase1-main-text-coverage/feedback/fls-pr6-placement-fitness.json:term=associated trait function,,,,,,,pending,pending,pending,
PQ-083,associated type,questionable,associated-items.rst,40,fls_8cz4rdrklaj4,Associated Items,1c2c2b73313fb48987ed02ac044ff68cec69968e,expressions.rst,1159,expressions.rst,Dereference Expression,low_forward_ref,true,,,,,/home/pete.levasseur/opencode-project-agents/fls/reports/glossary-tshepang-20260210T174752Z/phase1-main-text-coverage/feedback/fls-pr6-placement-fitness.json:term=associated type,,,,,,,pending,pending,pending,
PQ-084,associativity,questionable,expressions.rst,5083,fls_bezkcuwp5qol,Expression Precedence,1c2c2b73313fb48987ed02ac044ff68cec69968e,expressions.rst,5076,expressions.rst,Expression Precedence,medium,false,,,,,/home/pete.levasseur/opencode-project-agents/fls/reports/glossary-tshepang-20260210T174752Z/phase1-main-text-coverage/feedback/fls-pr6-placement-fitness.json:term=associativity,,,,,,,pending,pending,pending,
PQ-085,async function,questionable,functions.rst,183,fls_m3jiunibqj81,Functions,1c2c2b73313fb48987ed02ac044ff68cec69968e,expressions.rst,790,expressions.rst,Async Blocks,low_forward_ref,true,,,,,/home/pete.levasseur/opencode-project-agents/fls/reports/glossary-tshepang-20260210T174752Z/phase1-main-text-coverage/feedback/fls-pr6-placement-fitness.json:term=async function,,,,,,,pending,pending,pending,
PQ-086,attribute,questionable,attributes.rst,47,fls_rnzxj1t0hehl,Attributes,1c2c2b73313fb48987ed02ac044ff68cec69968e,lexical-elements.rst,523,attributes.rst,Built-in Attributes,low_forward_ref,true,,,,,/home/pete.levasseur/opencode-project-agents/fls/reports/glossary-tshepang-20260210T174752Z/phase1-main-text-coverage/feedback/fls-pr6-placement-fitness.json:term=attribute,,,,,,,pending,pending,pending,
PQ-087,binary crate,questionable,program-structure-and-compilation.rst,129,fls_9ub6ks8qrang,Crates,1c2c2b73313fb48987ed02ac044ff68cec69968e,attributes.rst,2173,attributes.rst,Attribute ``windows_subsystem``,low_forward_ref,true,,,,,/home/pete.levasseur/opencode-project-agents/fls/reports/glossary-tshepang-20260210T174752Z/phase1-main-text-coverage/feedback/fls-pr6-placement-fitness.json:term=binary crate,,,,,,,pending,pending,pending,
PQ-088,binary operator,questionable,expressions.rst,105,fls_yOW2wnLPzlPy,Expressions,1c2c2b73313fb48987ed02ac044ff68cec69968e,expressions.rst,98,expressions.rst,Expressions,low_forward_ref,true,,,,,/home/pete.levasseur/opencode-project-agents/fls/reports/glossary-tshepang-20260210T174752Z/phase1-main-text-coverage/feedback/fls-pr6-placement-fitness.json:term=binary operator,,,,,,,pending,pending,pending,
PQ-089,binding argument,questionable,generics.rst,374,fls_9pda3ja0ihks,Generic Arguments,1c2c2b73313fb48987ed02ac044ff68cec69968e,expressions.rst,3838,generics.rst,Generic Conformance,medium,false,,,,,/home/pete.levasseur/opencode-project-agents/fls/reports/glossary-tshepang-20260210T174752Z/phase1-main-text-coverage/feedback/fls-pr6-placement-fitness.json:term=binding argument,,,,,,,pending,pending,pending,
PQ-090,borrow,questionable,ownership-and-deconstruction.rst,165,fls_j9kof0px3l7s,Borrowing,1c2c2b73313fb48987ed02ac044ff68cec69968e,expressions.rst,1062,expressions.rst,Raw Borrow Expression,low_forward_ref,true,,,,,/home/pete.levasseur/opencode-project-agents/fls/reports/glossary-tshepang-20260210T174752Z/phase1-main-text-coverage/feedback/fls-pr6-placement-fitness.json:term=borrow,,,,,,,pending,pending,pending,
PQ-091,bound,questionable,types-and-traits.rst,3230,fls_5g508z6c7q5f,Trait and Lifetime Bounds,1c2c2b73313fb48987ed02ac044ff68cec69968e,types-and-traits.rst,2988,types-and-traits.rst,Type Inference,low_forward_ref,true,,,,,/home/pete.levasseur/opencode-project-agents/fls/reports/glossary-tshepang-20260210T174752Z/phase1-main-text-coverage/feedback/fls-pr6-placement-fitness.json:term=bound,,,,,,,pending,pending,pending,
PQ-092,comment,questionable,lexical-elements.rst,1350,fls_8obn3dtzpe5f,Comments,1c2c2b73313fb48987ed02ac044ff68cec69968e,lexical-elements.rst,279,lexical-elements.rst,"Lexical Elements, Separators, and Punctuation",low_forward_ref,true,,,,,/home/pete.levasseur/opencode-project-agents/fls/reports/glossary-tshepang-20260210T174752Z/phase1-main-text-coverage/feedback/fls-pr6-placement-fitness.json:term=comment,,,,,,,pending,pending,pending,
PQ-093,concrete type,questionable,types-and-traits.rst,63,fls_cTF1sJ9I2XJd,Types,1c2c2b73313fb48987ed02ac044ff68cec69968e,attributes.rst,1707,attributes.rst,Attribute ``type_length_limit``,none,true,,,,,/home/pete.levasseur/opencode-project-agents/fls/reports/glossary-tshepang-20260210T174752Z/phase1-main-text-coverage/feedback/fls-pr6-placement-fitness.json:term=concrete type,,,,,,,pending,pending,pending,
PQ-094,conditional compilation,questionable,program-structure-and-compilation.rst,236,fls_a0u9nnaf6drz,Conditional Compilation,1c2c2b73313fb48987ed02ac044ff68cec69968e,attributes.rst,928,attributes.rst,Attribute ``cfg``,low_forward_ref,true,,,,,/home/pete.levasseur/opencode-project-agents/fls/reports/glossary-tshepang-20260210T174752Z/phase1-main-text-coverage/feedback/fls-pr6-placement-fitness.json:term=conditional compilation,,,,,,,pending,pending,pending,
PQ-095,constant,questionable,values.rst,104,fls_5o5iu4j8in4l,Constants,1c2c2b73313fb48987ed02ac044ff68cec69968e,expressions.rst,310,expressions.rst,Constant Expressions,low_forward_ref,true,,,,,/home/pete.levasseur/opencode-project-agents/fls/reports/glossary-tshepang-20260210T174752Z/phase1-main-text-coverage/feedback/fls-pr6-placement-fitness.json:term=constant,,,,,,,pending,pending,pending,
PQ-096,constant argument,questionable,generics.rst,388,fls_i3z9ueoe99zd,Generic Arguments,1c2c2b73313fb48987ed02ac044ff68cec69968e,expressions.rst,313,generics.rst,Generic Parameters,medium,false,,,,,/home/pete.levasseur/opencode-project-agents/fls/reports/glossary-tshepang-20260210T174752Z/phase1-main-text-coverage/feedback/fls-pr6-placement-fitness.json:term=constant argument,,,,,,,pending,pending,pending,
PQ-097,constant initializer,questionable,values.rst,120,fls_ndmfqxjpvsqy,Constants,1c2c2b73313fb48987ed02ac044ff68cec69968e,expressions.rst,309,expressions.rst,Constant Expressions,low_forward_ref,true,,,,,/home/pete.levasseur/opencode-project-agents/fls/reports/glossary-tshepang-20260210T174752Z/phase1-main-text-coverage/feedback/fls-pr6-placement-fitness.json:term=constant initializer,,,,,,,pending,pending,pending,
PQ-098,constant parameter,questionable,generics.rst,84,fls_vpcqgec83ybt,Generic Parameters,1c2c2b73313fb48987ed02ac044ff68cec69968e,expressions.rst,313,generics.rst,Generic Conformance,medium,false,,,,,/home/pete.levasseur/opencode-project-agents/fls/reports/glossary-tshepang-20260210T174752Z/phase1-main-text-coverage/feedback/fls-pr6-placement-fitness.json:term=constant parameter,,,,,,,pending,pending,pending,
PQ-099,constant parameter initializer,questionable,generics.rst,87,fls_3SjMBlc0b7qo,Generic Parameters,1c2c2b73313fb48987ed02ac044ff68cec69968e,types-and-traits.rst,2579,generics.rst,Generic Conformance,medium,false,,,,,/home/pete.levasseur/opencode-project-agents/fls/reports/glossary-tshepang-20260210T174752Z/phase1-main-text-coverage/feedback/fls-pr6-placement-fitness.json:term=constant parameter initializer,,,,,,,pending,pending,pending,
PQ-100,copy type,questionable,ownership-and-deconstruction.rst,278,fls_h2pgsij1rbms,Passing Conventions,1c2c2b73313fb48987ed02ac044ff68cec69968e,types-and-traits.rst,1052,types-and-traits.rst,Union Types,low_forward_ref,true,,,,,/home/pete.levasseur/opencode-project-agents/fls/reports/glossary-tshepang-20260210T174752Z/phase1-main-text-coverage/feedback/fls-pr6-placement-fitness.json:term=copy type,,,,,,,pending,pending,pending,
PQ-101,crate,questionable,program-structure-and-compilation.rst,113,fls_qwghk79ok5h0,Crates,1c2c2b73313fb48987ed02ac044ff68cec69968e,macros.rst,316,macros.rst,Procedural Macros,low_forward_ref,true,,,,,/home/pete.levasseur/opencode-project-agents/fls/reports/glossary-tshepang-20260210T174752Z/phase1-main-text-coverage/feedback/fls-pr6-placement-fitness.json:term=crate,,,,,,,pending,pending,pending,
PQ-102,crate import,questionable,program-structure-and-compilation.rst,175,fls_d0pa807s5d5h,Crate Imports,1c2c2b73313fb48987ed02ac044ff68cec69968e,entities-and-resolution.rst,968,entities-and-resolution.rst,Preludes,low_forward_ref,true,,,,,/home/pete.levasseur/opencode-project-agents/fls/reports/glossary-tshepang-20260210T174752Z/phase1-main-text-coverage/feedback/fls-pr6-placement-fitness.json:term=crate import,,,,,,,pending,pending,pending,
PQ-103,crate root module,questionable,program-structure-and-compilation.rst,210,fls_fhiqvgdamq5,Compilation Roots,1c2c2b73313fb48987ed02ac044ff68cec69968e,entities-and-resolution.rst,966,entities-and-resolution.rst,Preludes,low_forward_ref,true,,,,,/home/pete.levasseur/opencode-project-agents/fls/reports/glossary-tshepang-20260210T174752Z/phase1-main-text-coverage/feedback/fls-pr6-placement-fitness.json:term=crate root module,,,,,,,pending,pending,pending,
PQ-104,declaration,questionable,entities-and-resolution.rst,46,fls_lcca91wjwnpx,Entities,1c2c2b73313fb48987ed02ac044ff68cec69968e,items.rst,53,entities-and-resolution.rst,Scope Hierarchy,medium,false,,,,,/home/pete.levasseur/opencode-project-agents/fls/reports/glossary-tshepang-20260210T174752Z/phase1-main-text-coverage/feedback/fls-pr6-placement-fitness.json:term=declaration,,,,,,,pending,pending,pending,
PQ-105,destructor,questionable,ownership-and-deconstruction.rst,385,fls_4nkzidytpi6,Destructors,1c2c2b73313fb48987ed02ac044ff68cec69968e,values.rst,315,values.rst,Constant Promotion,medium,false,,,,,/home/pete.levasseur/opencode-project-agents/fls/reports/glossary-tshepang-20260210T174752Z/phase1-main-text-coverage/feedback/fls-pr6-placement-fitness.json:term=destructor,,,,,,,pending,pending,pending,
PQ-106,direction modifier,questionable,inline-assembly.rst,687,fls_5a3vfresnv5z,Register Arguments,1c2c2b73313fb48987ed02ac044ff68cec69968e,inline-assembly.rst,109,inline-assembly.rst,Registers,medium,false,,,,,/home/pete.levasseur/opencode-project-agents/fls/reports/glossary-tshepang-20260210T174752Z/phase1-main-text-coverage/feedback/fls-pr6-placement-fitness.json:term=direction modifier,,,,,,,pending,pending,pending,
PQ-107,discriminant,questionable,types-and-traits.rst,807,fls_t4yeovFm83Wo,Enum Types,1c2c2b73313fb48987ed02ac044ff68cec69968e,expressions.rst,2202,expressions.rst,Type Cast Expressions,medium,false,,,,,/home/pete.levasseur/opencode-project-agents/fls/reports/glossary-tshepang-20260210T174752Z/phase1-main-text-coverage/feedback/fls-pr6-placement-fitness.json:term=discriminant,,,,,,,pending,pending,pending,
PQ-108,discriminant initializer,questionable,types-and-traits.rst,810,fls_IhqHv2D1nuXj,Enum Types,1c2c2b73313fb48987ed02ac044ff68cec69968e,expressions.rst,319,expressions.rst,Constant Expressions,medium,false,,,,,/home/pete.levasseur/opencode-project-agents/fls/reports/glossary-tshepang-20260210T174752Z/phase1-main-text-coverage/feedback/fls-pr6-placement-fitness.json:term=discriminant initializer,,,,,,,pending,pending,pending,
PQ-109,elaboration,questionable,items.rst,53,fls_hil5f7y4xdhe,Items,1c2c2b73313fb48987ed02ac044ff68cec69968e,values.rst,138,values.rst,Constants,medium,false,,,,,/home/pete.levasseur/opencode-project-agents/fls/reports/glossary-tshepang-20260210T174752Z/phase1-main-text-coverage/feedback/fls-pr6-placement-fitness.json:term=elaboration,,,,,,,pending,pending,pending,
PQ-110,element type,questionable,types-and-traits.rst,577,fls_mRbOQQQPbVyU,Array Types,1c2c2b73313fb48987ed02ac044ff68cec69968e,expressions.rst,2990,expressions.rst,Array Expressions,low_forward_ref,true,,,,,/home/pete.levasseur/opencode-project-agents/fls/reports/glossary-tshepang-20260210T174752Z/phase1-main-text-coverage/feedback/fls-pr6-placement-fitness.json:term=element type,,,,,,,pending,pending,pending,
PQ-111,else expression,questionable,expressions.rst,4601,fls_5azwlk7hav1k,If Expressions,1c2c2b73313fb48987ed02ac044ff68cec69968e,expressions.rst,4597,expressions.rst,If Expressions,low_forward_ref,true,,,,,/home/pete.levasseur/opencode-project-agents/fls/reports/glossary-tshepang-20260210T174752Z/phase1-main-text-coverage/feedback/fls-pr6-placement-fitness.json:term=else expression,,,,,,,pending,pending,pending,
PQ-112,entity,questionable,entities-and-resolution.rst,30,fls_x7j6wcigqt7u,Entities,1c2c2b73313fb48987ed02ac044ff68cec69968e,expressions.rst,660,entities-and-resolution.rst,Path Resolution,low_forward_ref,true,,,,,/home/pete.levasseur/opencode-project-agents/fls/reports/glossary-tshepang-20260210T174752Z/phase1-main-text-coverage/feedback/fls-pr6-placement-fitness.json:term=entity,,,,,,,pending,pending,pending,
PQ-113,enum value,questionable,types-and-traits.rst,771,fls_v4QIqcZGsG6C,Enum Types,1c2c2b73313fb48987ed02ac044ff68cec69968e,expressions.rst,3241,expressions.rst,Struct Expressions,low_forward_ref,true,,,,,/home/pete.levasseur/opencode-project-agents/fls/reports/glossary-tshepang-20260210T174752Z/phase1-main-text-coverage/feedback/fls-pr6-placement-fitness.json:term=enum value,,,,,,,pending,pending,pending,
PQ-114,escaped character,questionable,lexical-elements.rst,1132,fls_TXk2yFGh8at5,Character Literals,1c2c2b73313fb48987ed02ac044ff68cec69968e,general.rst,293,general.rst,Method of Description and Syntax Notation,low_forward_ref,true,,,,,/home/pete.levasseur/opencode-project-agents/fls/reports/glossary-tshepang-20260210T174752Z/phase1-main-text-coverage/feedback/fls-pr6-placement-fitness.json:term=escaped character,,,,,,,pending,pending,pending,
PQ-115,evaluation,questionable,expressions.rst,122,fls_1223lwh4nq49,Expressions,1c2c2b73313fb48987ed02ac044ff68cec69968e,expressions.rst,126,expressions.rst,Comparison Expressions,medium,false,,,,,/home/pete.levasseur/opencode-project-agents/fls/reports/glossary-tshepang-20260210T174752Z/phase1-main-text-coverage/feedback/fls-pr6-placement-fitness.json:term=evaluation,,,,,,,pending,pending,pending,
PQ-116,execution,questionable,statements.rst,44,fls_estqu395zxgk,Statements,1c2c2b73313fb48987ed02ac044ff68cec69968e,statements.rst,48,,,none,false,,,,,/home/pete.levasseur/opencode-project-agents/fls/reports/glossary-tshepang-20260210T174752Z/phase1-main-text-coverage/feedback/fls-pr6-placement-fitness.json:term=execution,,,,,,,pending,pending,pending,
PQ-117,exported function,questionable,attributes.rst,1491,fls_VKuSiswPMll7,Attribute ``no_mangle``,1c2c2b73313fb48987ed02ac044ff68cec69968e,general.rst,224,attributes.rst,Attribute ``track_caller``,low_forward_ref,true,,,,,/home/pete.levasseur/opencode-project-agents/fls/reports/glossary-tshepang-20260210T174752Z/phase1-main-text-coverage/feedback/fls-pr6-placement-fitness.json:term=exported function,,,,,,,pending,pending,pending,
PQ-118,expression-with-block,questionable,expressions.rst,82,fls_xmklb3070sp,Expressions,1c2c2b73313fb48987ed02ac044ff68cec69968e,entities-and-resolution.rst,582,entities-and-resolution.rst,Item Scope,none,true,,,,,/home/pete.levasseur/opencode-project-agents/fls/reports/glossary-tshepang-20260210T174752Z/phase1-main-text-coverage/feedback/fls-pr6-placement-fitness.json:term=expression-with-block,,,,,,,pending,pending,pending,
PQ-119,external function,questionable,ffi.rst,228,fls_v24ino4hix3m,External Functions,1c2c2b73313fb48987ed02ac044ff68cec69968e,general.rst,215,general.rst,Conformity,low_forward_ref,true,,,,,/home/pete.levasseur/opencode-project-agents/fls/reports/glossary-tshepang-20260210T174752Z/phase1-main-text-coverage/feedback/fls-pr6-placement-fitness.json:term=external function,,,,,,,pending,pending,pending,
PQ-120,external function item type,questionable,types-and-traits.rst,1145,fls_sas3ahcshnrh,Function Item Types,1c2c2b73313fb48987ed02ac044ff68cec69968e,expressions.rst,3493,expressions.rst,Call Expressions,low_forward_ref,true,,,,,/home/pete.levasseur/opencode-project-agents/fls/reports/glossary-tshepang-20260210T174752Z/phase1-main-text-coverage/feedback/fls-pr6-placement-fitness.json:term=external function item type,,,,,,,pending,pending,pending,
PQ-121,external static,questionable,ffi.rst,263,fls_8ddsytjr4il6,External Statics,1c2c2b73313fb48987ed02ac044ff68cec69968e,general.rst,218,general.rst,Conformity,low_forward_ref,true,,,,,/home/pete.levasseur/opencode-project-agents/fls/reports/glossary-tshepang-20260210T174752Z/phase1-main-text-coverage/feedback/fls-pr6-placement-fitness.json:term=external static,,,,,,,pending,pending,pending,
PQ-122,field list,questionable,types-and-traits.rst,922,fls_YERnNZiSdCRn,Struct Types,1c2c2b73313fb48987ed02ac044ff68cec69968e,types-and-traits.rst,786,types-and-traits.rst,Enum Types,medium,false,,,,,/home/pete.levasseur/opencode-project-agents/fls/reports/glossary-tshepang-20260210T174752Z/phase1-main-text-coverage/feedback/fls-pr6-placement-fitness.json:term=field list,,,,,,,pending,pending,pending,
PQ-123,field selector,questionable,expressions.rst,3722,fls_yeuayil6uxzx,Field Access Expressions,1c2c2b73313fb48987ed02ac044ff68cec69968e,entities-and-resolution.rst,1293,entities-and-resolution.rst,Field Resolution,none,true,,,,,/home/pete.levasseur/opencode-project-agents/fls/reports/glossary-tshepang-20260210T174752Z/phase1-main-text-coverage/feedback/fls-pr6-placement-fitness.json:term=field selector,,,,,,,pending,pending,pending,
PQ-124,floating-point type,questionable,types-and-traits.rst,396,fls_xcUkEjuclTjp,Floating Point Types,1c2c2b73313fb48987ed02ac044ff68cec69968e,lexical-elements.rst,1061,expressions.rst,Arithmetic Expressions,low_forward_ref,true,,,,,/home/pete.levasseur/opencode-project-agents/fls/reports/glossary-tshepang-20260210T174752Z/phase1-main-text-coverage/feedback/fls-pr6-placement-fitness.json:term=floating-point type,,,,,,,pending,pending,pending,
PQ-125,function parameter,questionable,functions.rst,66,fls_uwuthzfgslif,Functions,1c2c2b73313fb48987ed02ac044ff68cec69968e,macros.rst,355,macros.rst,Function-like Macros,low_forward_ref,true,,,,,/home/pete.levasseur/opencode-project-agents/fls/reports/glossary-tshepang-20260210T174752Z/phase1-main-text-coverage/feedback/fls-pr6-placement-fitness.json:term=function parameter,,,,,,,pending,pending,pending,
PQ-126,fundamental,questionable,implementations.rst,167,fls_UkQhjEWSJpDq,Implementation Coherence,1c2c2b73313fb48987ed02ac044ff68cec69968e,implementations.rst,152,implementations.rst,Implementation Coherence,medium,false,,,,,/home/pete.levasseur/opencode-project-agents/fls/reports/glossary-tshepang-20260210T174752Z/phase1-main-text-coverage/feedback/fls-pr6-placement-fitness.json:term=fundamental,,,,,,,pending,pending,pending,
PQ-127,future,questionable,concurrency.rst,137,fls_fte085hi1yqj,Asynchronous Computation,1c2c2b73313fb48987ed02ac044ff68cec69968e,expressions.rst,5006,expressions.rst,Await Expressions,low_forward_ref,true,,,,,/home/pete.levasseur/opencode-project-agents/fls/reports/glossary-tshepang-20260210T174752Z/phase1-main-text-coverage/feedback/fls-pr6-placement-fitness.json:term=future,,,,,,,pending,pending,pending,
PQ-128,generic function,questionable,generics.rst,62,fls_ixmgqupxvf73,Generic Parameters,1c2c2b73313fb48987ed02ac044ff68cec69968e,values.rst,172,values.rst,Statics,none,true,,,,,/home/pete.levasseur/opencode-project-agents/fls/reports/glossary-tshepang-20260210T174752Z/phase1-main-text-coverage/feedback/fls-pr6-placement-fitness.json:term=generic function,,,,,,,pending,pending,pending,
PQ-129,hygienic,questionable,macros.rst,1103,fls_4bTKuwDSu5FJ,Hygiene,1c2c2b73313fb48987ed02ac044ff68cec69968e,macros.rst,1088,macros.rst,Hygiene,medium,false,,,,,/home/pete.levasseur/opencode-project-agents/fls/reports/glossary-tshepang-20260210T174752Z/phase1-main-text-coverage/feedback/fls-pr6-placement-fitness.json:term=hygienic,,,,,,,pending,pending,pending,
PQ-130,identifier,questionable,lexical-elements.rst,488,fls_xsdmun5uqy4c,Identifiers,1c2c2b73313fb48987ed02ac044ff68cec69968e,lexical-elements.rst,491,expressions.rst,Struct Expressions,none,true,,,,,/home/pete.levasseur/opencode-project-agents/fls/reports/glossary-tshepang-20260210T174752Z/phase1-main-text-coverage/feedback/fls-pr6-placement-fitness.json:term=identifier,,,,,,,pending,pending,pending,
PQ-131,immutable borrow,questionable,ownership-and-deconstruction.rst,201,fls_hyl4bdjbuzbw,Borrowing,1c2c2b73313fb48987ed02ac044ff68cec69968e,ownership-and-deconstruction.rst,197,ownership-and-deconstruction.rst,Borrowing,low_forward_ref,true,,,,,/home/pete.levasseur/opencode-project-agents/fls/reports/glossary-tshepang-20260210T174752Z/phase1-main-text-coverage/feedback/fls-pr6-placement-fitness.json:term=immutable borrow,,,,,,,pending,pending,pending,
PQ-132,immutable reference,questionable,ownership-and-deconstruction.rst,121,fls_wcf5mxrzbujn,References,1c2c2b73313fb48987ed02ac044ff68cec69968e,expressions.rst,5258,expressions.rst,Capturing,low_forward_ref,true,,,,,/home/pete.levasseur/opencode-project-agents/fls/reports/glossary-tshepang-20260210T174752Z/phase1-main-text-coverage/feedback/fls-pr6-placement-fitness.json:term=immutable reference,,,,,,,pending,pending,pending,
PQ-133,implementation body,questionable,implementations.rst,52,fls_Mcpdzzcw43M7,Implementations,1c2c2b73313fb48987ed02ac044ff68cec69968e,entities-and-resolution.rst,540,entities-and-resolution.rst,Generic Parameter Scope,none,true,,,,,/home/pete.levasseur/opencode-project-agents/fls/reports/glossary-tshepang-20260210T174752Z/phase1-main-text-coverage/feedback/fls-pr6-placement-fitness.json:term=implementation body,,,,,,,pending,pending,pending,
PQ-134,implicit borrow,questionable,ownership-and-deconstruction.rst,172,fls_zepwytjwy049,Borrowing,1c2c2b73313fb48987ed02ac044ff68cec69968e,expressions.rst,507,expressions.rst,Place Expressions,low_forward_ref,true,,,,,/home/pete.levasseur/opencode-project-agents/fls/reports/glossary-tshepang-20260210T174752Z/phase1-main-text-coverage/feedback/fls-pr6-placement-fitness.json:term=implicit borrow,,,,,,,pending,pending,pending,
PQ-135,index expression,questionable,expressions.rst,3070,fls_42ijvuqqqlvh,Indexing Expressions,1c2c2b73313fb48987ed02ac044ff68cec69968e,expressions.rst,458,expressions.rst,Place Expressions,low_forward_ref,true,,,,,/home/pete.levasseur/opencode-project-agents/fls/reports/glossary-tshepang-20260210T174752Z/phase1-main-text-coverage/feedback/fls-pr6-placement-fitness.json:term=index expression,,,,,,,pending,pending,pending,
PQ-136,indexed operand,questionable,expressions.rst,3074,fls_pc0c22asgzvw,Indexing Expressions,1c2c2b73313fb48987ed02ac044ff68cec69968e,expressions.rst,510,expressions.rst,Place Expressions,low_forward_ref,true,,,,,/home/pete.levasseur/opencode-project-agents/fls/reports/glossary-tshepang-20260210T174752Z/phase1-main-text-coverage/feedback/fls-pr6-placement-fitness.json:term=indexed operand,,,,,,,pending,pending,pending,
PQ-137,inherent implementation,questionable,implementations.rst,57,fls_v0n0bna40dqr,Implementations,1c2c2b73313fb48987ed02ac044ff68cec69968e,entities-and-resolution.rst,1435,entities-and-resolution.rst,Path Expression Resolution,none,true,,,,,/home/pete.levasseur/opencode-project-agents/fls/reports/glossary-tshepang-20260210T174752Z/phase1-main-text-coverage/feedback/fls-pr6-placement-fitness.json:term=inherent implementation,,,,,,,pending,pending,pending,
PQ-138,integer type,questionable,types-and-traits.rst,423,fls_tHog6qQQp5Bo,Integer Types,1c2c2b73313fb48987ed02ac044ff68cec69968e,lexical-elements.rst,947,expressions.rst,Type Cast Expressions,low_forward_ref,true,,,,,/home/pete.levasseur/opencode-project-agents/fls/reports/glossary-tshepang-20260210T174752Z/phase1-main-text-coverage/feedback/fls-pr6-placement-fitness.json:term=integer type,,,,,,,pending,pending,pending,
PQ-139,irrefutable pattern,questionable,patterns.rst,102,fls_9fjspnefoyvz,Refutability,1c2c2b73313fb48987ed02ac044ff68cec69968e,statements.rst,86,statements.rst,Let Statements,low_forward_ref,true,,,,,/home/pete.levasseur/opencode-project-agents/fls/reports/glossary-tshepang-20260210T174752Z/phase1-main-text-coverage/feedback/fls-pr6-placement-fitness.json:term=irrefutable pattern,,,,,,,pending,pending,pending,
PQ-140,iteration expression,questionable,expressions.rst,4126,fls_13hmhzqz82v6,While Loops,1c2c2b73313fb48987ed02ac044ff68cec69968e,expressions.rst,4122,expressions.rst,While Loops,low_forward_ref,true,,,,,/home/pete.levasseur/opencode-project-agents/fls/reports/glossary-tshepang-20260210T174752Z/phase1-main-text-coverage/feedback/fls-pr6-placement-fitness.json:term=iteration expression,,,,,,,pending,pending,pending,
PQ-141,keyword,questionable,lexical-elements.rst,1464,fls_dti0uu7rz81w,Keywords,1c2c2b73313fb48987ed02ac044ff68cec69968e,lexical-elements.rst,478,entities-and-resolution.rst,Paths,low_forward_ref,true,,,,,/home/pete.levasseur/opencode-project-agents/fls/reports/glossary-tshepang-20260210T174752Z/phase1-main-text-coverage/feedback/fls-pr6-placement-fitness.json:term=keyword,,,,,,,pending,pending,pending,
PQ-142,label,questionable,expressions.rst,3943,fls_1MTa81vtePN8,Loop Expressions,1c2c2b73313fb48987ed02ac044ff68cec69968e,expressions.rst,879,expressions.rst,Named Blocks,medium,false,,,,,/home/pete.levasseur/opencode-project-agents/fls/reports/glossary-tshepang-20260210T174752Z/phase1-main-text-coverage/feedback/fls-pr6-placement-fitness.json:term=label,,,,,,,pending,pending,pending,
PQ-143,left operand,questionable,expressions.rst,97,fls_1r29rtnjlkql,Expressions,1c2c2b73313fb48987ed02ac044ff68cec69968e,expressions.rst,105,expressions.rst,Comparison Expressions,none,true,,,,,/home/pete.levasseur/opencode-project-agents/fls/reports/glossary-tshepang-20260210T174752Z/phase1-main-text-coverage/feedback/fls-pr6-placement-fitness.json:term=left operand,,,,,,,pending,pending,pending,
PQ-144,local trait,questionable,types-and-traits.rst,3048,fls_AdbbUZZgMEsQ,Traits,1c2c2b73313fb48987ed02ac044ff68cec69968e,implementations.rst,152,implementations.rst,Implementation Coherence,none,true,,,,,/home/pete.levasseur/opencode-project-agents/fls/reports/glossary-tshepang-20260210T174752Z/phase1-main-text-coverage/feedback/fls-pr6-placement-fitness.json:term=local trait,,,,,,,pending,pending,pending,
PQ-145,local type,questionable,types-and-traits.rst,60,fls_0yaYKnFrJkhG,Types,1c2c2b73313fb48987ed02ac044ff68cec69968e,implementations.rst,159,implementations.rst,Implementation Coherence,none,true,,,,,/home/pete.levasseur/opencode-project-agents/fls/reports/glossary-tshepang-20260210T174752Z/phase1-main-text-coverage/feedback/fls-pr6-placement-fitness.json:term=local type,,,,,,,pending,pending,pending,
PQ-146,macro,questionable,macros.rst,14,fls_j1jc83erljo0,Macros,1c2c2b73313fb48987ed02ac044ff68cec69968e,macros.rst,15,inline-assembly.rst,"Macros: asm, global_asm, and naked_asm",none,true,,,,,/home/pete.levasseur/opencode-project-agents/fls/reports/glossary-tshepang-20260210T174752Z/phase1-main-text-coverage/feedback/fls-pr6-placement-fitness.json:term=macro,,,,,,,pending,pending,pending,
PQ-147,main function signature,questionable,program-structure-and-compilation.rst,266,fls_sbGnkm8Ephiu,Program Entry Point,1c2c2b73313fb48987ed02ac044ff68cec69968e,program-structure-and-compilation.rst,134,program-structure-and-compilation.rst,Crates,medium,false,,,,,/home/pete.levasseur/opencode-project-agents/fls/reports/glossary-tshepang-20260210T174752Z/phase1-main-text-coverage/feedback/fls-pr6-placement-fitness.json:term=main function signature,,,,,,,pending,pending,pending,
PQ-148,module,questionable,program-structure-and-compilation.rst,73,fls_odd1hj3y1mgu,Modules,1c2c2b73313fb48987ed02ac044ff68cec69968e,macros.rst,735,entities-and-resolution.rst,Visibility,low_forward_ref,true,,,,,/home/pete.levasseur/opencode-project-agents/fls/reports/glossary-tshepang-20260210T174752Z/phase1-main-text-coverage/feedback/fls-pr6-placement-fitness.json:term=module,,,,,,,pending,pending,pending,
PQ-149,mutable borrow,questionable,ownership-and-deconstruction.rst,209,fls_pu19i4sj6yg0,Borrowing,1c2c2b73313fb48987ed02ac044ff68cec69968e,values.rst,332,values.rst,Constant Promotion,low_forward_ref,true,,,,,/home/pete.levasseur/opencode-project-agents/fls/reports/glossary-tshepang-20260210T174752Z/phase1-main-text-coverage/feedback/fls-pr6-placement-fitness.json:term=mutable borrow,,,,,,,pending,pending,pending,
PQ-150,mutable raw pointer type,questionable,types-and-traits.rst,1273,fls_bYWfGDAQcWfA,Raw Pointer Types,1c2c2b73313fb48987ed02ac044ff68cec69968e,expressions.rst,447,expressions.rst,Place Expressions,low_forward_ref,true,,,,,/home/pete.levasseur/opencode-project-agents/fls/reports/glossary-tshepang-20260210T174752Z/phase1-main-text-coverage/feedback/fls-pr6-placement-fitness.json:term=mutable raw pointer type,,,,,,,pending,pending,pending,
PQ-151,mutable reference type,questionable,types-and-traits.rst,1328,fls_GUZuiST7ucib,Reference Types,1c2c2b73313fb48987ed02ac044ff68cec69968e,expressions.rst,451,expressions.rst,Place Expressions,low_forward_ref,true,,,,,/home/pete.levasseur/opencode-project-agents/fls/reports/glossary-tshepang-20260210T174752Z/phase1-main-text-coverage/feedback/fls-pr6-placement-fitness.json:term=mutable reference type,,,,,,,pending,pending,pending,
PQ-152,opt-out trait bound,questionable,types-and-traits.rst,3255,fls_AzuZmR9DXSQh,Trait and Lifetime Bounds,1c2c2b73313fb48987ed02ac044ff68cec69968e,generics.rst,191,generics.rst,Generic Parameters,none,true,,,,,/home/pete.levasseur/opencode-project-agents/fls/reports/glossary-tshepang-20260210T174752Z/phase1-main-text-coverage/feedback/fls-pr6-placement-fitness.json:term=opt-out trait bound,,,,,,,pending,pending,pending,
PQ-153,outer attribute,questionable,attributes.rst,55,fls_8o6vmzbw1b1j,Attributes,1c2c2b73313fb48987ed02ac044ff68cec69968e,macros.rst,451,attributes.rst,Attribute ``no_implicit_prelude``,low_forward_ref,true,,,,,/home/pete.levasseur/opencode-project-agents/fls/reports/glossary-tshepang-20260210T174752Z/phase1-main-text-coverage/feedback/fls-pr6-placement-fitness.json:term=outer attribute,,,,,,,pending,pending,pending,
PQ-154,panic,questionable,exceptions-and-errors.rst,46,fls_a554v4n0khye,Panic,1c2c2b73313fb48987ed02ac044ff68cec69968e,expressions.rst,1566,expressions.rst,Arithmetic Expressions,low_forward_ref,true,,,,,/home/pete.levasseur/opencode-project-agents/fls/reports/glossary-tshepang-20260210T174752Z/phase1-main-text-coverage/feedback/fls-pr6-placement-fitness.json:term=panic,,,,,,,pending,pending,pending,
PQ-155,passing convention,questionable,ownership-and-deconstruction.rst,274,fls_fvwx2ufeyzcs,Passing Conventions,1c2c2b73313fb48987ed02ac044ff68cec69968e,expressions.rst,2442,expressions.rst,Basic Assignment,low_forward_ref,true,,,,,/home/pete.levasseur/opencode-project-agents/fls/reports/glossary-tshepang-20260210T174752Z/phase1-main-text-coverage/feedback/fls-pr6-placement-fitness.json:term=passing convention,,,,,,,pending,pending,pending,
PQ-156,path segment,questionable,entities-and-resolution.rst,305,fls_y1z7kougmahd,Paths,1c2c2b73313fb48987ed02ac044ff68cec69968e,entities-and-resolution.rst,182,entities-and-resolution.rst,Path Resolution,low_forward_ref,true,,,,,/home/pete.levasseur/opencode-project-agents/fls/reports/glossary-tshepang-20260210T174752Z/phase1-main-text-coverage/feedback/fls-pr6-placement-fitness.json:term=path segment,,,,,,,pending,pending,pending,
PQ-157,pattern,questionable,patterns.rst,41,fls_imegtsi224ts,Patterns,1c2c2b73313fb48987ed02ac044ff68cec69968e,macros.rst,865,patterns.rst,Pattern Matching,low_forward_ref,true,,,,,/home/pete.levasseur/opencode-project-agents/fls/reports/glossary-tshepang-20260210T174752Z/phase1-main-text-coverage/feedback/fls-pr6-placement-fitness.json:term=pattern,,,,,,,pending,pending,pending,
PQ-158,proc-macro crate,questionable,program-structure-and-compilation.rst,146,fls_Mf62VqAhoZ3c,Crates,1c2c2b73313fb48987ed02ac044ff68cec69968e,attributes.rst,1854,attributes.rst,Attribute ``proc_macro``,low_forward_ref,true,,,,,/home/pete.levasseur/opencode-project-agents/fls/reports/glossary-tshepang-20260210T174752Z/phase1-main-text-coverage/feedback/fls-pr6-placement-fitness.json:term=proc-macro crate,,,,,,,pending,pending,pending,
PQ-159,qualified type,questionable,entities-and-resolution.rst,383,fls_ybv0tdu7dnj5,Paths,1c2c2b73313fb48987ed02ac044ff68cec69968e,entities-and-resolution.rst,364,entities-and-resolution.rst,Paths,medium,false,,,,,/home/pete.levasseur/opencode-project-agents/fls/reports/glossary-tshepang-20260210T174752Z/phase1-main-text-coverage/feedback/fls-pr6-placement-fitness.json:term=qualified type,,,,,,,pending,pending,pending,
PQ-160,raw pointer,questionable,types-and-traits.rst,1270,fls_7c5w2c2n2nhb,Raw Pointer Types,1c2c2b73313fb48987ed02ac044ff68cec69968e,expressions.rst,1062,expressions.rst,Raw Borrow Expression,low_forward_ref,true,,,,,/home/pete.levasseur/opencode-project-agents/fls/reports/glossary-tshepang-20260210T174752Z/phase1-main-text-coverage/feedback/fls-pr6-placement-fitness.json:term=raw pointer,,,,,,,pending,pending,pending,
PQ-161,receiver operand,questionable,expressions.rst,3611,fls_jx3ryre0xs88,Method Call Expressions,1c2c2b73313fb48987ed02ac044ff68cec69968e,expressions.rst,3635,entities-and-resolution.rst,Method Resolution,none,true,,,,,/home/pete.levasseur/opencode-project-agents/fls/reports/glossary-tshepang-20260210T174752Z/phase1-main-text-coverage/feedback/fls-pr6-placement-fitness.json:term=receiver operand,,,,,,,pending,pending,pending,
PQ-162,record struct,questionable,types-and-traits.rst,934,fls_r3g6b8q1bphw,Struct Types,1c2c2b73313fb48987ed02ac044ff68cec69968e,expressions.rst,3323,expressions.rst,Struct Expressions,low_forward_ref,true,,,,,/home/pete.levasseur/opencode-project-agents/fls/reports/glossary-tshepang-20260210T174752Z/phase1-main-text-coverage/feedback/fls-pr6-placement-fitness.json:term=record struct,,,,,,,pending,pending,pending,
PQ-163,reference,questionable,ownership-and-deconstruction.rst,93,fls_7x9pi2o7pee7,References,1c2c2b73313fb48987ed02ac044ff68cec69968e,expressions.rst,993,expressions.rst,Borrow Expression,low_forward_ref,true,,,,,/home/pete.levasseur/opencode-project-agents/fls/reports/glossary-tshepang-20260210T174752Z/phase1-main-text-coverage/feedback/fls-pr6-placement-fitness.json:term=reference,,,,,,,pending,pending,pending,
PQ-164,reference identifier pattern,questionable,patterns.rst,169,fls_joIQdDn44oIT,Identifier Patterns,1c2c2b73313fb48987ed02ac044ff68cec69968e,ownership-and-deconstruction.rst,618,ownership-and-deconstruction.rst,Drop Scope Extension,none,true,,,,,/home/pete.levasseur/opencode-project-agents/fls/reports/glossary-tshepang-20260210T174752Z/phase1-main-text-coverage/feedback/fls-pr6-placement-fitness.json:term=reference identifier pattern,,,,,,,pending,pending,pending,
PQ-165,refutable type,questionable,patterns.rst,120,fls_m5a5si8b9s7x,Refutability,1c2c2b73313fb48987ed02ac044ff68cec69968e,patterns.rst,117,patterns.rst,Refutability,medium,false,,,,,/home/pete.levasseur/opencode-project-agents/fls/reports/glossary-tshepang-20260210T174752Z/phase1-main-text-coverage/feedback/fls-pr6-placement-fitness.json:term=refutable type,,,,,,,pending,pending,pending,
PQ-166,right operand,questionable,expressions.rst,101,fls_qxdpyf4u3hbz,Expressions,1c2c2b73313fb48987ed02ac044ff68cec69968e,expressions.rst,106,expressions.rst,Arithmetic Expressions,none,true,,,,,/home/pete.levasseur/opencode-project-agents/fls/reports/glossary-tshepang-20260210T174752Z/phase1-main-text-coverage/feedback/fls-pr6-placement-fitness.json:term=right operand,,,,,,,pending,pending,pending,
PQ-167,scalar type,questionable,types-and-traits.rst,171,fls_5y8tfx2kgj0c,Scalar Types,1c2c2b73313fb48987ed02ac044ff68cec69968e,expressions.rst,5315,expressions.rst,Arithmetic Overflow,low_forward_ref,true,,,,,/home/pete.levasseur/opencode-project-agents/fls/reports/glossary-tshepang-20260210T174752Z/phase1-main-text-coverage/feedback/fls-pr6-placement-fitness.json:term=scalar type,,,,,,,pending,pending,pending,
PQ-168,scope,questionable,entities-and-resolution.rst,475,fls_5x5xykocwyiy,Scopes,1c2c2b73313fb48987ed02ac044ff68cec69968e,types-and-traits.rst,1422,entities-and-resolution.rst,Use Imports,low_forward_ref,true,,,,,/home/pete.levasseur/opencode-project-agents/fls/reports/glossary-tshepang-20260210T174752Z/phase1-main-text-coverage/feedback/fls-pr6-placement-fitness.json:term=scope,,,,,,,pending,pending,pending,
PQ-169,separator,questionable,lexical-elements.rst,189,fls_a6t53o8h1vdk,"Lexical Elements, Separators, and Punctuation",1c2c2b73313fb48987ed02ac044ff68cec69968e,lexical-elements.rst,190,macros.rst,Token Matching,medium,false,,,,,/home/pete.levasseur/opencode-project-agents/fls/reports/glossary-tshepang-20260210T174752Z/phase1-main-text-coverage/feedback/fls-pr6-placement-fitness.json:term=separator,,,,,,,pending,pending,pending,
PQ-170,signed integer type,questionable,types-and-traits.rst,427,fls_3g2cxq6r7nkp,Integer Types,1c2c2b73313fb48987ed02ac044ff68cec69968e,expressions.rst,1854,expressions.rst,Bit Expressions,low_forward_ref,true,,,,,/home/pete.levasseur/opencode-project-agents/fls/reports/glossary-tshepang-20260210T174752Z/phase1-main-text-coverage/feedback/fls-pr6-placement-fitness.json:term=signed integer type,,,,,,,pending,pending,pending,
PQ-171,simple path,questionable,entities-and-resolution.rst,330,fls_n77icl6idazp,Paths,1c2c2b73313fb48987ed02ac044ff68cec69968e,lexical-elements.rst,519,entities-and-resolution.rst,Visibility,low_forward_ref,true,,,,,/home/pete.levasseur/opencode-project-agents/fls/reports/glossary-tshepang-20260210T174752Z/phase1-main-text-coverage/feedback/fls-pr6-placement-fitness.json:term=simple path,,,,,,,pending,pending,pending,
PQ-172,simple path prefix,questionable,entities-and-resolution.rst,1038,fls_sxo1jb25pl8a,Use Imports,1c2c2b73313fb48987ed02ac044ff68cec69968e,entities-and-resolution.rst,342,entities-and-resolution.rst,Paths,low_forward_ref,true,,,,,/home/pete.levasseur/opencode-project-agents/fls/reports/glossary-tshepang-20260210T174752Z/phase1-main-text-coverage/feedback/fls-pr6-placement-fitness.json:term=simple path prefix,,,,,,,pending,pending,pending,
PQ-173,static,questionable,values.rst,168,fls_ibrmiwfypldh,Statics,1c2c2b73313fb48987ed02ac044ff68cec69968e,expressions.rst,328,expressions.rst,Constant Expressions,low_forward_ref,true,,,,,/home/pete.levasseur/opencode-project-agents/fls/reports/glossary-tshepang-20260210T174752Z/phase1-main-text-coverage/feedback/fls-pr6-placement-fitness.json:term=static,,,,,,,pending,pending,pending,
PQ-174,static initializer,questionable,values.rst,201,fls_t17h5h6a6v4c,Statics,1c2c2b73313fb48987ed02ac044ff68cec69968e,expressions.rst,328,expressions.rst,Constant Expressions,low_forward_ref,true,,,,,/home/pete.levasseur/opencode-project-agents/fls/reports/glossary-tshepang-20260210T174752Z/phase1-main-text-coverage/feedback/fls-pr6-placement-fitness.json:term=static initializer,,,,,,,pending,pending,pending,
PQ-175,struct expression,questionable,expressions.rst,3240,fls_ij8rebvupb85,Struct Expressions,1c2c2b73313fb48987ed02ac044ff68cec69968e,expressions.rst,520,expressions.rst,Place Expressions,low_forward_ref,true,,,,,/home/pete.levasseur/opencode-project-agents/fls/reports/glossary-tshepang-20260210T174752Z/phase1-main-text-coverage/feedback/fls-pr6-placement-fitness.json:term=struct expression,,,,,,,pending,pending,pending,
PQ-176,struct pattern,questionable,patterns.rst,750,fls_vjdkpr3zml51,Struct Patterns,1c2c2b73313fb48987ed02ac044ff68cec69968e,expressions.rst,2481,expressions.rst,Destructuring Assignment,low_forward_ref,true,,,,,/home/pete.levasseur/opencode-project-agents/fls/reports/glossary-tshepang-20260210T174752Z/phase1-main-text-coverage/feedback/fls-pr6-placement-fitness.json:term=struct pattern,,,,,,,pending,pending,pending,
PQ-177,struct value,questionable,types-and-traits.rst,974,fls_0r4qz8k5n1mp,Struct Types,1c2c2b73313fb48987ed02ac044ff68cec69968e,expressions.rst,3241,expressions.rst,Struct Expressions,low_forward_ref,true,,,,,/home/pete.levasseur/opencode-project-agents/fls/reports/glossary-tshepang-20260210T174752Z/phase1-main-text-coverage/feedback/fls-pr6-placement-fitness.json:term=struct value,,,,,,,pending,pending,pending,
PQ-178,structurally equal,questionable,types-and-traits.rst,2466,fls_uVTpA7gbLCYX,Structural Equality,1c2c2b73313fb48987ed02ac044ff68cec69968e,patterns.rst,383,patterns.rst,Path Patterns,medium,false,,,,,/home/pete.levasseur/opencode-project-agents/fls/reports/glossary-tshepang-20260210T174752Z/phase1-main-text-coverage/feedback/fls-pr6-placement-fitness.json:term=structurally equal,,,,,,,pending,pending,pending,
PQ-179,subpattern,questionable,patterns.rst,55,fls_6xx34zr069bj,Patterns,1c2c2b73313fb48987ed02ac044ff68cec69968e,patterns.rst,705,patterns.rst,Tuple Struct Patterns,none,true,,,,,/home/pete.levasseur/opencode-project-agents/fls/reports/glossary-tshepang-20260210T174752Z/phase1-main-text-coverage/feedback/fls-pr6-placement-fitness.json:term=subpattern,,,,,,,pending,pending,pending,
PQ-180,subtype,questionable,types-and-traits.rst,3467,fls_1q7k3n9m5v2b,Subtyping and Variance,1c2c2b73313fb48987ed02ac044ff68cec69968e,types-and-traits.rst,2297,types-and-traits.rst,Type Coercion,low_forward_ref,true,,,,,/home/pete.levasseur/opencode-project-agents/fls/reports/glossary-tshepang-20260210T174752Z/phase1-main-text-coverage/feedback/fls-pr6-placement-fitness.json:term=subtype,,,,,,,pending,pending,pending,
PQ-181,supertrait,questionable,types-and-traits.rst,3054,fls_CYtxPjK3zq2T,Traits,1c2c2b73313fb48987ed02ac044ff68cec69968e,types-and-traits.rst,2351,types-and-traits.rst,Type Coercion,low_forward_ref,true,,,,,/home/pete.levasseur/opencode-project-agents/fls/reports/glossary-tshepang-20260210T174752Z/phase1-main-text-coverage/feedback/fls-pr6-placement-fitness.json:term=supertrait,,,,,,,pending,pending,pending,
PQ-182,trait body,questionable,types-and-traits.rst,3038,fls_PiAR1B26SoZV,Traits,1c2c2b73313fb48987ed02ac044ff68cec69968e,entities-and-resolution.rst,548,entities-and-resolution.rst,Generic Parameter Scope,none,true,,,,,/home/pete.levasseur/opencode-project-agents/fls/reports/glossary-tshepang-20260210T174752Z/phase1-main-text-coverage/feedback/fls-pr6-placement-fitness.json:term=trait body,,,,,,,pending,pending,pending,
PQ-183,trait implementation,questionable,implementations.rst,65,fls_ry3an0mwb63g,Implementations,1c2c2b73313fb48987ed02ac044ff68cec69968e,expressions.rst,1446,expressions.rst,Compound Assignment Expressions,low_forward_ref,true,,,,,/home/pete.levasseur/opencode-project-agents/fls/reports/glossary-tshepang-20260210T174752Z/phase1-main-text-coverage/feedback/fls-pr6-placement-fitness.json:term=trait implementation,,,,,,,pending,pending,pending,
PQ-184,tuple,questionable,types-and-traits.rst,693,fls_m8n4t5c1k0pz,Tuple Types,1c2c2b73313fb48987ed02ac044ff68cec69968e,expressions.rst,3166,expressions.rst,Call Expressions,low_forward_ref,true,,,,,/home/pete.levasseur/opencode-project-agents/fls/reports/glossary-tshepang-20260210T174752Z/phase1-main-text-coverage/feedback/fls-pr6-placement-fitness.json:term=tuple,,,,,,,pending,pending,pending,
PQ-185,tuple enum variant,questionable,types-and-traits.rst,793,fls_v1q7n3t5c9xz,Enum Types,1c2c2b73313fb48987ed02ac044ff68cec69968e,expressions.rst,651,expressions.rst,Call Expressions,low_forward_ref,true,,,,,/home/pete.levasseur/opencode-project-agents/fls/reports/glossary-tshepang-20260210T174752Z/phase1-main-text-coverage/feedback/fls-pr6-placement-fitness.json:term=tuple enum variant,,,,,,,pending,pending,pending,
PQ-186,tuple field,questionable,types-and-traits.rst,696,fls_v7c3y1q9m2bx,Tuple Types,1c2c2b73313fb48987ed02ac044ff68cec69968e,expressions.rst,3170,patterns.rst,Tuple Patterns,low_forward_ref,true,,,,,/home/pete.levasseur/opencode-project-agents/fls/reports/glossary-tshepang-20260210T174752Z/phase1-main-text-coverage/feedback/fls-pr6-placement-fitness.json:term=tuple field,,,,,,,pending,pending,pending,
PQ-187,tuple struct,questionable,types-and-traits.rst,946,fls_q1m7v9b3k5ha,Struct Types,1c2c2b73313fb48987ed02ac044ff68cec69968e,expressions.rst,652,expressions.rst,Call Expressions,low_forward_ref,true,,,,,/home/pete.levasseur/opencode-project-agents/fls/reports/glossary-tshepang-20260210T174752Z/phase1-main-text-coverage/feedback/fls-pr6-placement-fitness.json:term=tuple struct,,,,,,,pending,pending,pending,
PQ-188,tuple struct call expression,questionable,expressions.rst,3475,fls_QpBu34U6hXn9,Call Expressions,1c2c2b73313fb48987ed02ac044ff68cec69968e,expressions.rst,2461,expressions.rst,Destructuring Assignment,low_forward_ref,true,,,,,/home/pete.levasseur/opencode-project-agents/fls/reports/glossary-tshepang-20260210T174752Z/phase1-main-text-coverage/feedback/fls-pr6-placement-fitness.json:term=tuple struct call expression,,,,,,,pending,pending,pending,
PQ-189,tuple struct type,questionable,types-and-traits.rst,949,fls_g6t2n8c5p4xy,Struct Types,1c2c2b73313fb48987ed02ac044ff68cec69968e,expressions.rst,3481,expressions.rst,Call Expressions,low_forward_ref,true,,,,,/home/pete.levasseur/opencode-project-agents/fls/reports/glossary-tshepang-20260210T174752Z/phase1-main-text-coverage/feedback/fls-pr6-placement-fitness.json:term=tuple struct type,,,,,,,pending,pending,pending,
PQ-190,type,questionable,types-and-traits.rst,50,fls_4rhjpdu4zfqj,Types,1c2c2b73313fb48987ed02ac044ff68cec69968e,lexical-elements.rst,614,types-and-traits.rst,Type Coercion,low_forward_ref,true,,,,,/home/pete.levasseur/opencode-project-agents/fls/reports/glossary-tshepang-20260210T174752Z/phase1-main-text-coverage/feedback/fls-pr6-placement-fitness.json:term=type,,,,,,,pending,pending,pending,
PQ-191,type ascription,questionable,types-and-traits.rst,57,fls_x4p7m2c9v6qn,Types,1c2c2b73313fb48987ed02ac044ff68cec69968e,statements.rst,97,statements.rst,Let Statements,low_forward_ref,true,,,,,/home/pete.levasseur/opencode-project-agents/fls/reports/glossary-tshepang-20260210T174752Z/phase1-main-text-coverage/feedback/fls-pr6-placement-fitness.json:term=type ascription,,,,,,,pending,pending,pending,
PQ-192,type path,questionable,entities-and-resolution.rst,370,fls_h2zikgmazoxx,Paths,1c2c2b73313fb48987ed02ac044ff68cec69968e,macros.rst,872,macros.rst,Token Matching,low_forward_ref,true,,,,,/home/pete.levasseur/opencode-project-agents/fls/reports/glossary-tshepang-20260210T174752Z/phase1-main-text-coverage/feedback/fls-pr6-placement-fitness.json:term=type path,,,,,,,pending,pending,pending,
PQ-193,underscore expression,questionable,expressions.rst,2870,fls_pydmv629vfuu,Underscore Expressions,1c2c2b73313fb48987ed02ac044ff68cec69968e,macros.rst,844,inline-assembly.rst,Register Arguments,low_forward_ref,true,,,,,/home/pete.levasseur/opencode-project-agents/fls/reports/glossary-tshepang-20260210T174752Z/phase1-main-text-coverage/feedback/fls-pr6-placement-fitness.json:term=underscore expression,,,,,,,pending,pending,pending,
PQ-194,unhygienic,questionable,macros.rst,1106,fls_94TOYfoplm4f,Hygiene,1c2c2b73313fb48987ed02ac044ff68cec69968e,macros.rst,1094,macros.rst,Hygiene,medium,false,,,,,/home/pete.levasseur/opencode-project-agents/fls/reports/glossary-tshepang-20260210T174752Z/phase1-main-text-coverage/feedback/fls-pr6-placement-fitness.json:term=unhygienic,,,,,,,pending,pending,pending,
PQ-195,unicode,questionable,lexical-elements.rst,29,fls_m2v7k1p9t4qa,Character Set,1c2c2b73313fb48987ed02ac044ff68cec69968e,lexical-elements.rst,25,lexical-elements.rst,Character Set,medium,false,,,,,/home/pete.levasseur/opencode-project-agents/fls/reports/glossary-tshepang-20260210T174752Z/phase1-main-text-coverage/feedback/fls-pr6-placement-fitness.json:term=unicode,,,,,,,pending,pending,pending,
PQ-196,union value,questionable,types-and-traits.rst,1035,fls_q7v2m9t4k1pa,Union Types,1c2c2b73313fb48987ed02ac044ff68cec69968e,expressions.rst,3241,expressions.rst,Struct Expressions,low_forward_ref,true,,,,,/home/pete.levasseur/opencode-project-agents/fls/reports/glossary-tshepang-20260210T174752Z/phase1-main-text-coverage/feedback/fls-pr6-placement-fitness.json:term=union value,,,,,,,pending,pending,pending,
PQ-197,unit struct,questionable,types-and-traits.rst,958,fls_4q6m9t1w7zpa,Struct Types,1c2c2b73313fb48987ed02ac044ff68cec69968e,expressions.rst,652,expressions.rst,Path Expressions,low_forward_ref,true,,,,,/home/pete.levasseur/opencode-project-agents/fls/reports/glossary-tshepang-20260210T174752Z/phase1-main-text-coverage/feedback/fls-pr6-placement-fitness.json:term=unit struct,,,,,,,pending,pending,pending,
PQ-198,unsafe external block,questionable,ffi.rst,194,fls_8ltVLtAfvy0m,External Blocks,1c2c2b73313fb48987ed02ac044ff68cec69968e,functions.rst,207,ffi.rst,External Functions,low_forward_ref,true,,,,,/home/pete.levasseur/opencode-project-agents/fls/reports/glossary-tshepang-20260210T174752Z/phase1-main-text-coverage/feedback/fls-pr6-placement-fitness.json:term=unsafe external block,,,,,,,pending,pending,pending,
PQ-199,unsafe function item type,questionable,types-and-traits.rst,1149,fls_liwnzwu1el1i,Function Item Types,1c2c2b73313fb48987ed02ac044ff68cec69968e,expressions.rst,3493,expressions.rst,Call Expressions,low_forward_ref,true,,,,,/home/pete.levasseur/opencode-project-agents/fls/reports/glossary-tshepang-20260210T174752Z/phase1-main-text-coverage/feedback/fls-pr6-placement-fitness.json:term=unsafe function item type,,,,,,,pending,pending,pending,
PQ-200,unsafe trait,questionable,types-and-traits.rst,3031,fls_q9m2v7k1t4pa,Traits,1c2c2b73313fb48987ed02ac044ff68cec69968e,implementations.rst,81,implementations.rst,Implementations,none,true,,,,,/home/pete.levasseur/opencode-project-agents/fls/reports/glossary-tshepang-20260210T174752Z/phase1-main-text-coverage/feedback/fls-pr6-placement-fitness.json:term=unsafe trait,,,,,,,pending,pending,pending,
PQ-201,unsafety,questionable,unsafety.rst,17,fls_8kqo952gjhaf,Unsafety,1c2c2b73313fb48987ed02ac044ff68cec69968e,expressions.rst,920,expressions.rst,Unsafe Blocks,low_forward_ref,true,,,,,/home/pete.levasseur/opencode-project-agents/fls/reports/glossary-tshepang-20260210T174752Z/phase1-main-text-coverage/feedback/fls-pr6-placement-fitness.json:term=unsafety,,,,,,,pending,pending,pending,
PQ-202,value operand,questionable,expressions.rst,2405,fls_uinh05sslxeo,Assignment Expressions,1c2c2b73313fb48987ed02ac044ff68cec69968e,expressions.rst,2395,expressions.rst,Destructuring Assignment,low_forward_ref,true,,,,,/home/pete.levasseur/opencode-project-agents/fls/reports/glossary-tshepang-20260210T174752Z/phase1-main-text-coverage/feedback/fls-pr6-placement-fitness.json:term=value operand,,,,,,,pending,pending,pending,
